muestra_id,origen_grifo,timestep,MQ2,MQ4,MQ135,MQ3,MQ7,MQ9,temp,humedad
MUESTRA_001,Grifo_1,1,24043.0,23266.0,23508.0,2788.0,20360.0,2738.0,31.6,46.4
MUESTRA_001,Grifo_1,2,24049.0,23277.0,23526.0,2762.0,20372.0,2735.0,31.6,46.4
MUESTRA_001,Grifo_1,3,24058.0,23273.0,23528.0,2766.0,20377.0,2749.0,31.6,46.4
MUESTRA_001,Grifo_1,4,24048.0,23283.0,23525.0,2770.0,20377.0,2751.0,31.6,46.4
MUESTRA_001,Grifo_1,5,24032.0,23238.0,23511.0,2759.0,20370.0,2742.0,31.6,46.4
MUESTRA_001,Grifo_1,6,24031.0,23235.0,23516.0,2785.0,20380.0,2720.0,31.6,46.4
MUESTRA_001,Grifo_1,7,24034.0,23238.0,23495.0,2768.0,20370.0,2756.0,31.6,46.5
MUESTRA_001,Grifo_1,8,24037.0,23225.0,23497.0,2779.0,20352.0,2730.0,31.6,46.5
MUESTRA_001,Grifo_1,9,24040.0,23221.0,23471.0,2778.0,20342.0,2748.0,31.7,46.6
MUESTRA_001,Grifo_1,10,24035.0,23199.0,23482.0,2772.0,20340.0,2751.0,31.7,46.6
MUESTRA_001,Grifo_1,11,24018.0,23195.0,23484.0,2781.0,20341.0,2744.0,31.7,46.7
MUESTRA_001,Grifo_1,12,24035.0,23270.0,23470.0,2786.0,20330.0,2723.0,31.7,46.7
MUESTRA_001,Grifo_1,13,24027.0,23279.0,23470.0,2764.0,20335.0,2739.0,31.6,46.8
MUESTRA_001,Grifo_1,14,24037.0,23285.0,23487.0,2758.0,20340.0,2755.0,31.6,46.8
MUESTRA_001,Grifo_1,15,24051.0,23287.0,23471.0,2792.0,20352.0,2730.0,31.6,46.8
MUESTRA_001,Grifo_1,16,24040.0,23292.0,23485.0,2763.0,20342.0,2755.0,31.6,46.8
MUESTRA_001,Grifo_1,17,24037.0,23274.0,23487.0,2777.0,20347.0,2749.0,31.6,46.9
MUESTRA_001,Grifo_1,18,24042.0,23270.0,23470.0,2776.0,20342.0,2726.0,31.6,46.9
MUESTRA_001,Grifo_1,19,24041.0,23278.0,23480.0,2776.0,20342.0,2727.0,31.6,46.9
MUESTRA_001,Grifo_1,20,24037.0,23255.0,23480.0,2771.0,20349.0,2755.0,31.6,46.9
MUESTRA_001,Grifo_1,21,24045.0,23254.0,23473.0,2786.0,20341.0,2723.0,31.6,47.0
MUESTRA_001,Grifo_1,22,24032.0,23251.0,23483.0,2778.0,20353.0,2717.0,31.6,47.0
MUESTRA_001,Grifo_1,23,24030.0,23244.0,23491.0,2770.0,20360.0,2749.0,31.6,47.0
MUESTRA_001,Grifo_1,24,24059.0,23258.0,23499.0,2761.0,20366.0,2747.0,31.6,47.0
MUESTRA_001,Grifo_1,25,24054.0,23248.0,23501.0,2790.0,20364.0,2739.0,31.7,46.9
MUESTRA_001,Grifo_1,26,24048.0,23229.0,23497.0,2784.0,20360.0,2722.0,31.7,46.9
MUESTRA_001,Grifo_1,27,24041.0,23223.0,23490.0,2757.0,20357.0,2751.0,31.6,46.9
MUESTRA_001,Grifo_1,28,24058.0,23200.0,23482.0,2786.0,20337.0,2725.0,31.6,46.9
MUESTRA_001,Grifo_1,29,24060.0,23196.0,23497.0,2779.0,20342.0,2722.0,31.6,46.9
MUESTRA_001,Grifo_1,30,24067.0,23190.0,23494.0,2763.0,20328.0,2742.0,31.6,46.9
MUESTRA_002,Grifo_1,1,24078.0,23188.0,23513.0,2780.0,20333.0,2729.0,31.6,47.0
MUESTRA_002,Grifo_1,2,24075.0,23186.0,23521.0,2768.0,20325.0,2753.0,31.6,47.0
MUESTRA_002,Grifo_1,3,24074.0,23171.0,23523.0,2769.0,20326.0,2751.0,31.6,47.0
MUESTRA_002,Grifo_1,4,24071.0,23184.0,23530.0,2775.0,20337.0,2728.0,31.6,47.0
MUESTRA_002,Grifo_1,5,24088.0,23204.0,23542.0,2764.0,20334.0,2753.0,31.6,47.1
MUESTRA_002,Grifo_1,6,24082.0,23190.0,23539.0,2787.0,20329.0,2734.0,31.6,47.1
MUESTRA_002,Grifo_1,7,24062.0,23163.0,23532.0,2760.0,20328.0,2760.0,31.6,47.1
MUESTRA_002,Grifo_1,8,24090.0,23206.0,23558.0,2773.0,20343.0,2753.0,31.6,47.1
MUESTRA_002,Grifo_1,9,24084.0,23214.0,23556.0,2763.0,20343.0,2741.0,31.7,47.1
MUESTRA_002,Grifo_1,10,24095.0,23230.0,23577.0,2782.0,20365.0,2730.0,31.7,47.1
MUESTRA_002,Grifo_1,11,24090.0,23247.0,23574.0,2766.0,20370.0,2746.0,31.7,47.2
MUESTRA_002,Grifo_1,12,24094.0,23244.0,23566.0,2786.0,20363.0,2750.0,31.7,47.2
MUESTRA_002,Grifo_1,13,24089.0,23252.0,23558.0,2783.0,20364.0,2721.0,31.6,47.2
MUESTRA_002,Grifo_1,14,24084.0,23238.0,23554.0,2773.0,20372.0,2755.0,31.6,47.2
MUESTRA_002,Grifo_1,15,24070.0,23232.0,23532.0,2786.0,20379.0,2730.0,31.6,47.2
MUESTRA_002,Grifo_1,16,24078.0,23248.0,23542.0,2786.0,20375.0,2724.0,31.6,47.2
MUESTRA_002,Grifo_1,17,24079.0,23254.0,23553.0,2768.0,20379.0,2746.0,31.6,47.2
MUESTRA_002,Grifo_1,18,24082.0,23246.0,23541.0,2785.0,20381.0,2723.0,31.6,47.2
MUESTRA_002,Grifo_1,19,24081.0,23236.0,23532.0,2782.0,20376.0,2733.0,31.7,47.2
MUESTRA_002,Grifo_1,20,24090.0,23240.0,23540.0,2759.0,20379.0,2748.0,31.7,47.2
MUESTRA_002,Grifo_1,21,24082.0,23230.0,23531.0,2778.0,20373.0,2745.0,31.6,47.1
MUESTRA_002,Grifo_1,22,24088.0,23230.0,23527.0,2788.0,20364.0,2728.0,31.6,47.1
MUESTRA_002,Grifo_1,23,24075.0,23219.0,23507.0,2782.0,20337.0,2752.0,31.6,47.2
MUESTRA_002,Grifo_1,24,24088.0,23218.0,23536.0,2787.0,20356.0,2720.0,31.6,47.2
MUESTRA_002,Grifo_1,25,24087.0,23206.0,23523.0,2765.0,20343.0,2759.0,31.6,47.1
MUESTRA_002,Grifo_1,26,24096.0,23217.0,23535.0,2778.0,20354.0,2727.0,31.6,47.1
MUESTRA_002,Grifo_1,27,24104.0,23227.0,23546.0,2783.0,20370.0,2725.0,31.7,47.1
MUESTRA_002,Grifo_1,28,24083.0,23206.0,23536.0,2774.0,20358.0,2750.0,31.7,47.1
MUESTRA_002,Grifo_1,29,24091.0,23221.0,23566.0,2781.0,20378.0,2741.0,31.6,47.0
MUESTRA_002,Grifo_1,30,24096.0,23218.0,23567.0,2772.0,20364.0,2754.0,31.6,47.0
MUESTRA_003,Grifo_1,1,24099.0,23197.0,23564.0,2788.0,20367.0,2721.0,31.7,47.0
MUESTRA_003,Grifo_1,2,24101.0,23187.0,23549.0,2785.0,20359.0,2715.0,31.7,47.0
MUESTRA_003,Grifo_1,3,24101.0,23203.0,23543.0,2762.0,20339.0,2757.0,31.6,47.1
MUESTRA_003,Grifo_1,4,24101.0,23204.0,23552.0,2775.0,20345.0,2751.0,31.6,47.1
MUESTRA_003,Grifo_1,5,24100.0,23198.0,23531.0,2761.0,20366.0,2739.0,31.7,47.1
MUESTRA_003,Grifo_1,6,24095.0,23194.0,23566.0,2766.0,20358.0,2756.0,31.7,47.1
MUESTRA_003,Grifo_1,7,24113.0,23189.0,23575.0,2760.0,20353.0,2751.0,31.7,47.0
MUESTRA_003,Grifo_1,8,24138.0,23187.0,23575.0,2778.0,20353.0,2718.0,31.7,47.0
MUESTRA_003,Grifo_1,9,24113.0,23181.0,23582.0,2766.0,20344.0,2730.0,31.7,47.0
MUESTRA_003,Grifo_1,10,24130.0,23194.0,23595.0,2778.0,20355.0,2719.0,31.7,47.0
MUESTRA_003,Grifo_1,11,24113.0,23188.0,23586.0,2780.0,20355.0,2722.0,31.6,46.8
MUESTRA_003,Grifo_1,12,24114.0,23210.0,23606.0,2756.0,20344.0,2754.0,31.6,46.8
MUESTRA_003,Grifo_1,13,24126.0,23226.0,23617.0,2788.0,20355.0,2722.0,31.6,46.9
MUESTRA_003,Grifo_1,14,24149.0,23243.0,23612.0,2787.0,20360.0,2725.0,31.6,46.9
MUESTRA_003,Grifo_1,15,24132.0,23257.0,23608.0,2785.0,20346.0,2730.0,31.6,46.9
MUESTRA_003,Grifo_1,16,24146.0,23285.0,23641.0,2781.0,20372.0,2728.0,31.6,46.9
MUESTRA_003,Grifo_1,17,24141.0,23290.0,23635.0,2775.0,20391.0,2724.0,31.6,46.9
MUESTRA_003,Grifo_1,18,24135.0,23321.0,23645.0,2761.0,20398.0,2752.0,31.6,46.9
MUESTRA_003,Grifo_1,19,24151.0,23351.0,23667.0,2764.0,20433.0,2759.0,31.7,46.9
MUESTRA_003,Grifo_1,20,24148.0,23372.0,23668.0,2788.0,20460.0,2730.0,31.7,46.9
MUESTRA_003,Grifo_1,21,24142.0,23399.0,23669.0,2784.0,20469.0,2714.0,31.7,46.8
MUESTRA_003,Grifo_1,22,24149.0,23434.0,23681.0,2756.0,20494.0,2748.0,31.7,46.8
MUESTRA_003,Grifo_1,23,24144.0,23423.0,23672.0,2767.0,20490.0,2750.0,31.7,46.8
MUESTRA_003,Grifo_1,24,24141.0,23416.0,23660.0,2766.0,20491.0,2751.0,31.7,46.8
MUESTRA_003,Grifo_1,25,24144.0,23422.0,23662.0,2777.0,20470.0,2712.0,31.7,46.8
MUESTRA_003,Grifo_1,26,24147.0,23402.0,23674.0,2788.0,20480.0,2741.0,31.7,46.8
MUESTRA_003,Grifo_1,27,24130.0,23404.0,23675.0,2759.0,20466.0,2748.0,31.6,46.8
MUESTRA_003,Grifo_1,28,24112.0,23397.0,23671.0,2771.0,20466.0,2758.0,31.6,46.8
MUESTRA_003,Grifo_1,29,24136.0,23416.0,23711.0,2776.0,20494.0,2753.0,31.7,46.9
MUESTRA_003,Grifo_1,30,24117.0,23414.0,23713.0,2783.0,20503.0,2714.0,31.7,46.9
MUESTRA_004,Grifo_1,1,24128.0,23414.0,23698.0,2776.0,20509.0,2717.0,31.7,46.9
MUESTRA_004,Grifo_1,2,24113.0,23424.0,23706.0,2765.0,20515.0,2756.0,31.7,46.9
MUESTRA_004,Grifo_1,3,24117.0,23427.0,23700.0,2784.0,20526.0,2731.0,31.7,47.0
MUESTRA_004,Grifo_1,4,24105.0,23417.0,23673.0,2782.0,20534.0,2726.0,31.7,47.0
MUESTRA_004,Grifo_1,5,24128.0,23425.0,23694.0,2784.0,20549.0,2748.0,31.7,47.0
MUESTRA_004,Grifo_1,6,24143.0,23438.0,23688.0,2783.0,20554.0,2731.0,31.7,47.0
MUESTRA_004,Grifo_1,7,24120.0,23430.0,23680.0,2763.0,20561.0,2757.0,31.7,47.1
MUESTRA_004,Grifo_1,8,24131.0,23429.0,23675.0,2778.0,20547.0,2713.0,31.7,47.1
MUESTRA_004,Grifo_1,9,24114.0,23422.0,23671.0,2784.0,20538.0,2730.0,31.7,47.1
MUESTRA_004,Grifo_1,10,24115.0,23398.0,23642.0,2761.0,20533.0,2750.0,31.7,47.1
MUESTRA_004,Grifo_1,11,24127.0,23400.0,23629.0,2782.0,20520.0,2723.0,31.7,47.1
MUESTRA_004,Grifo_1,12,24116.0,23399.0,23643.0,2773.0,20517.0,2754.0,31.7,47.1
MUESTRA_004,Grifo_1,13,24118.0,23388.0,23643.0,2768.0,20522.0,2729.0,31.7,47.1
MUESTRA_004,Grifo_1,14,24126.0,23398.0,23641.0,2758.0,20505.0,2748.0,31.7,47.1
MUESTRA_004,Grifo_1,15,24122.0,23402.0,23640.0,2779.0,20494.0,2724.0,31.7,47.0
MUESTRA_004,Grifo_1,16,24135.0,23390.0,23654.0,2789.0,20510.0,2722.0,31.7,47.0
MUESTRA_004,Grifo_1,17,24141.0,23401.0,23653.0,2770.0,20509.0,2757.0,31.7,47.1
MUESTRA_004,Grifo_1,18,24126.0,23383.0,23654.0,2766.0,20507.0,2753.0,31.7,47.1
MUESTRA_004,Grifo_1,19,24131.0,23394.0,23663.0,2783.0,20516.0,2725.0,31.7,47.1
MUESTRA_004,Grifo_1,20,24128.0,23381.0,23655.0,2772.0,20501.0,2734.0,31.7,47.1
MUESTRA_004,Grifo_1,21,24133.0,23397.0,23664.0,2787.0,20505.0,2712.0,31.7,47.1
MUESTRA_004,Grifo_1,22,24123.0,23396.0,23668.0,2763.0,20515.0,2750.0,31.7,47.1
MUESTRA_004,Grifo_1,23,24112.0,23375.0,23648.0,2787.0,20507.0,2721.0,31.7,47.1
MUESTRA_004,Grifo_1,24,24119.0,23379.0,23643.0,2784.0,20509.0,2720.0,31.7,47.1
MUESTRA_004,Grifo_1,25,24135.0,23407.0,23645.0,2773.0,20511.0,2727.0,31.7,47.1
MUESTRA_004,Grifo_1,26,24123.0,23375.0,23652.0,2762.0,20504.0,2755.0,31.7,47.1
MUESTRA_004,Grifo_1,27,24127.0,23390.0,23654.0,2773.0,20503.0,2746.0,31.7,47.2
MUESTRA_004,Grifo_1,28,24103.0,23369.0,23643.0,2783.0,20500.0,2724.0,31.7,47.2
MUESTRA_004,Grifo_1,29,24107.0,23378.0,23632.0,2777.0,20499.0,2727.0,31.8,47.2
MUESTRA_004,Grifo_1,30,24123.0,23394.0,23659.0,2764.0,20511.0,2750.0,31.8,47.2
MUESTRA_005,Grifo_1,1,24128.0,23390.0,23644.0,2783.0,20510.0,2729.0,31.8,47.2
MUESTRA_005,Grifo_1,2,24109.0,23393.0,23651.0,2780.0,20514.0,2745.0,31.8,47.2
MUESTRA_005,Grifo_1,3,24118.0,23392.0,23655.0,2784.0,20507.0,2734.0,31.7,47.2
MUESTRA_005,Grifo_1,4,24110.0,23374.0,23644.0,2770.0,20533.0,2734.0,31.7,47.2
MUESTRA_005,Grifo_1,5,24100.0,23386.0,23627.0,2758.0,20532.0,2748.0,31.7,47.2
MUESTRA_005,Grifo_1,6,24125.0,23386.0,23634.0,2767.0,20528.0,2746.0,31.7,47.2
MUESTRA_005,Grifo_1,7,24115.0,23364.0,23609.0,2773.0,20500.0,2745.0,31.8,47.2
MUESTRA_005,Grifo_1,8,24126.0,23370.0,23633.0,2755.0,20511.0,2754.0,31.8,47.2
MUESTRA_005,Grifo_1,9,24117.0,23342.0,23605.0,2759.0,20503.0,2756.0,31.8,47.3
MUESTRA_005,Grifo_1,10,24114.0,23342.0,23617.0,2788.0,20486.0,2714.0,31.8,47.3
MUESTRA_005,Grifo_1,11,24119.0,23338.0,23622.0,2788.0,20493.0,2718.0,31.8,47.4
MUESTRA_005,Grifo_1,12,24125.0,23361.0,23595.0,2765.0,20496.0,2754.0,31.8,47.4
MUESTRA_005,Grifo_1,13,24109.0,23338.0,23575.0,2781.0,20491.0,2735.0,31.7,47.5
MUESTRA_005,Grifo_1,14,24119.0,23352.0,23543.0,2779.0,20493.0,2717.0,31.7,47.5
MUESTRA_005,Grifo_1,15,24131.0,23380.0,23594.0,2767.0,20522.0,2758.0,31.7,47.5
MUESTRA_005,Grifo_1,16,24131.0,23383.0,23578.0,2768.0,20510.0,2754.0,31.7,47.5
MUESTRA_005,Grifo_1,17,24124.0,23362.0,23601.0,2782.0,20524.0,2724.0,31.8,47.5
MUESTRA_005,Grifo_1,18,24125.0,23376.0,23588.0,2761.0,20524.0,2755.0,31.8,47.5
MUESTRA_005,Grifo_1,19,24135.0,23388.0,23571.0,2766.0,20533.0,2746.0,31.7,47.5
MUESTRA_005,Grifo_1,20,24135.0,23376.0,23578.0,2771.0,20532.0,2757.0,31.7,47.5
MUESTRA_005,Grifo_1,21,24133.0,23382.0,23577.0,2775.0,20536.0,2722.0,31.8,47.5
MUESTRA_005,Grifo_1,22,24131.0,23385.0,23587.0,2772.0,20528.0,2745.0,31.8,47.5
MUESTRA_005,Grifo_1,23,24137.0,23390.0,23583.0,2781.0,20523.0,2749.0,31.8,47.5
MUESTRA_005,Grifo_1,24,24120.0,23365.0,23589.0,2784.0,20535.0,2724.0,31.8,47.5
MUESTRA_005,Grifo_1,25,24125.0,23387.0,23581.0,2763.0,20550.0,2757.0,31.8,47.5
MUESTRA_005,Grifo_1,26,24130.0,23374.0,23583.0,2765.0,20543.0,2752.0,31.8,47.5
MUESTRA_005,Grifo_1,27,24126.0,23395.0,23583.0,2785.0,20535.0,2730.0,31.8,47.5
MUESTRA_005,Grifo_1,28,24125.0,23379.0,23595.0,2774.0,20539.0,2736.0,31.8,47.5
MUESTRA_005,Grifo_1,29,24144.0,23400.0,23619.0,2765.0,20560.0,2756.0,31.8,47.5
MUESTRA_005,Grifo_1,30,24124.0,23377.0,23602.0,2763.0,20550.0,2751.0,31.8,47.5
MUESTRA_006,Grifo_1,1,24126.0,23371.0,23609.0,2770.0,20556.0,2752.0,31.8,47.5
MUESTRA_006,Grifo_1,2,24137.0,23377.0,23630.0,2757.0,20573.0,2748.0,31.8,47.5
MUESTRA_006,Grifo_1,3,24125.0,23363.0,23617.0,2768.0,20555.0,2757.0,31.8,47.5
MUESTRA_006,Grifo_1,4,24128.0,23351.0,23602.0,2759.0,20560.0,2756.0,31.8,47.5
MUESTRA_006,Grifo_1,5,24129.0,23333.0,23589.0,2766.0,20544.0,2757.0,31.8,47.5
MUESTRA_006,Grifo_1,6,24131.0,23347.0,23590.0,2761.0,20545.0,2747.0,31.8,47.5
MUESTRA_006,Grifo_1,7,24131.0,23340.0,23577.0,2759.0,20520.0,2755.0,31.8,47.6
MUESTRA_006,Grifo_1,8,24127.0,23332.0,23605.0,2781.0,20527.0,2721.0,31.8,47.6
MUESTRA_006,Grifo_1,9,24140.0,23332.0,23575.0,2772.0,20531.0,2755.0,31.8,47.7
MUESTRA_006,Grifo_1,10,24131.0,23317.0,23575.0,2787.0,20533.0,2725.0,31.8,47.7
MUESTRA_006,Grifo_1,11,24146.0,23349.0,23591.0,2765.0,20544.0,2754.0,31.8,47.7
MUESTRA_006,Grifo_1,12,24152.0,23339.0,23609.0,2787.0,20557.0,2718.0,31.8,47.7
MUESTRA_006,Grifo_1,13,24149.0,23330.0,23621.0,2788.0,20540.0,2739.0,31.8,47.6
MUESTRA_006,Grifo_1,14,24151.0,23353.0,23606.0,2763.0,20566.0,2755.0,31.8,47.6
MUESTRA_006,Grifo_1,15,24137.0,23349.0,23610.0,2788.0,20559.0,2725.0,31.8,47.5
MUESTRA_006,Grifo_1,16,24135.0,23336.0,23606.0,2770.0,20552.0,2753.0,31.8,47.5
MUESTRA_006,Grifo_1,17,24138.0,23338.0,23612.0,2761.0,20545.0,2752.0,31.8,47.6
MUESTRA_006,Grifo_1,18,24153.0,23358.0,23639.0,2779.0,20548.0,2748.0,31.8,47.6
MUESTRA_006,Grifo_1,19,24149.0,23346.0,23682.0,2788.0,20544.0,2724.0,31.9,47.6
MUESTRA_006,Grifo_1,20,24129.0,23342.0,23631.0,2771.0,20534.0,2733.0,31.9,47.6
MUESTRA_006,Grifo_1,21,24156.0,23352.0,23632.0,2763.0,20544.0,2757.0,31.8,47.6
MUESTRA_006,Grifo_1,22,24126.0,23348.0,23644.0,2786.0,20538.0,2714.0,31.8,47.6
MUESTRA_006,Grifo_1,23,24142.0,23346.0,23651.0,2789.0,20546.0,2718.0,31.8,47.6
MUESTRA_006,Grifo_1,24,24137.0,23349.0,23684.0,2781.0,20558.0,2726.0,31.8,47.6
MUESTRA_006,Grifo_1,25,24137.0,23361.0,23633.0,2770.0,20560.0,2756.0,31.8,47.5
MUESTRA_006,Grifo_1,26,24145.0,23349.0,23684.0,2785.0,20566.0,2717.0,31.8,47.5
MUESTRA_006,Grifo_1,27,24142.0,23362.0,23617.0,2768.0,20557.0,2741.0,31.8,47.5
MUESTRA_006,Grifo_1,28,24121.0,23339.0,23586.0,2778.0,20550.0,2753.0,31.8,47.5
MUESTRA_006,Grifo_1,29,24147.0,23337.0,23589.0,2784.0,20552.0,2733.0,31.8,47.5
MUESTRA_006,Grifo_1,30,24131.0,23333.0,23577.0,2774.0,20553.0,2733.0,31.8,47.5
MUESTRA_007,Grifo_1,1,24124.0,23326.0,23587.0,2785.0,20543.0,2717.0,31.8,47.6
MUESTRA_007,Grifo_1,2,24129.0,23322.0,23606.0,2786.0,20556.0,2722.0,31.8,47.6
MUESTRA_007,Grifo_1,3,24143.0,23333.0,23602.0,2774.0,20566.0,2720.0,31.8,47.6
MUESTRA_007,Grifo_1,4,24118.0,23314.0,23617.0,2769.0,20573.0,2749.0,31.8,47.6
MUESTRA_007,Grifo_1,5,24128.0,23304.0,23606.0,2775.0,20555.0,2759.0,31.8,47.6
MUESTRA_007,Grifo_1,6,24145.0,23306.0,23611.0,2777.0,20566.0,2714.0,31.8,47.6
MUESTRA_007,Grifo_1,7,24148.0,23291.0,23637.0,2765.0,20558.0,2750.0,31.8,47.6
MUESTRA_007,Grifo_1,8,24135.0,23281.0,23601.0,2758.0,20550.0,2748.0,31.8,47.6
MUESTRA_007,Grifo_1,9,24139.0,23279.0,23621.0,2774.0,20533.0,2755.0,31.9,47.7
MUESTRA_007,Grifo_1,10,24160.0,23273.0,23610.0,2780.0,20541.0,2721.0,31.9,47.7
MUESTRA_007,Grifo_1,11,24152.0,23283.0,23621.0,2761.0,20542.0,2744.0,31.9,47.8
MUESTRA_007,Grifo_1,12,24156.0,23258.0,23614.0,2765.0,20536.0,2758.0,31.9,47.8
MUESTRA_007,Grifo_1,13,24158.0,23281.0,23607.0,2775.0,20544.0,2742.0,31.8,47.8
MUESTRA_007,Grifo_1,14,24145.0,23275.0,23600.0,2776.0,20532.0,2712.0,31.8,47.8
MUESTRA_007,Grifo_1,15,24154.0,23287.0,23621.0,2770.0,20541.0,2748.0,31.8,47.8
MUESTRA_007,Grifo_1,16,24167.0,23298.0,23626.0,2775.0,20564.0,2724.0,31.8,47.8
MUESTRA_007,Grifo_1,17,24137.0,23288.0,23631.0,2779.0,20562.0,2732.0,31.9,47.8
MUESTRA_007,Grifo_1,18,24147.0,23288.0,23641.0,2778.0,20570.0,2728.0,31.9,47.8
MUESTRA_007,Grifo_1,19,24154.0,23314.0,23661.0,2771.0,20593.0,2733.0,31.8,47.8
MUESTRA_007,Grifo_1,20,24151.0,23310.0,23655.0,2764.0,20581.0,2750.0,31.8,47.8
MUESTRA_007,Grifo_1,21,24152.0,23324.0,23666.0,2760.0,20598.0,2732.0,31.8,47.8
MUESTRA_007,Grifo_1,22,24167.0,23327.0,23668.0,2765.0,20610.0,2754.0,31.8,47.8
MUESTRA_007,Grifo_1,23,24153.0,23333.0,23652.0,2786.0,20608.0,2713.0,31.9,47.9
MUESTRA_007,Grifo_1,24,24152.0,23332.0,23661.0,2779.0,20617.0,2744.0,31.9,47.9
MUESTRA_007,Grifo_1,25,24141.0,23322.0,23651.0,2762.0,20609.0,2743.0,31.8,47.9
MUESTRA_007,Grifo_1,26,24150.0,23324.0,23637.0,2778.0,20611.0,2748.0,31.8,47.9
MUESTRA_007,Grifo_1,27,24161.0,23332.0,23652.0,2783.0,20624.0,2715.0,31.9,47.9
MUESTRA_007,Grifo_1,28,24156.0,23332.0,23636.0,2757.0,20607.0,2731.0,31.9,47.9
MUESTRA_007,Grifo_1,29,24138.0,23330.0,23640.0,2753.0,20624.0,2745.0,31.8,47.9
MUESTRA_007,Grifo_1,30,24143.0,23313.0,23624.0,2781.0,20613.0,2720.0,31.8,47.9
MUESTRA_008,Grifo_1,1,24149.0,23320.0,23612.0,2784.0,20605.0,2740.0,31.9,48.0
MUESTRA_008,Grifo_1,2,24148.0,23317.0,23617.0,2760.0,20603.0,2726.0,31.9,48.0
MUESTRA_008,Grifo_1,3,24149.0,23313.0,23621.0,2766.0,20618.0,2742.0,31.9,48.1
MUESTRA_008,Grifo_1,4,24142.0,23305.0,23597.0,2786.0,20599.0,2718.0,31.9,48.1
MUESTRA_008,Grifo_1,5,24140.0,23297.0,23595.0,2768.0,20593.0,2722.0,31.9,48.1
MUESTRA_008,Grifo_1,6,24143.0,23306.0,23596.0,2771.0,20592.0,2748.0,31.9,48.1
MUESTRA_008,Grifo_1,7,24135.0,23286.0,23564.0,2762.0,20572.0,2756.0,31.9,48.2
MUESTRA_008,Grifo_1,8,24129.0,23275.0,23561.0,2780.0,20582.0,2741.0,31.9,48.2
MUESTRA_008,Grifo_1,9,24115.0,23271.0,23561.0,2762.0,20579.0,2749.0,31.9,48.3
MUESTRA_008,Grifo_1,10,24136.0,23275.0,23565.0,2767.0,20582.0,2758.0,31.9,48.3
MUESTRA_008,Grifo_1,11,24132.0,23254.0,23555.0,2791.0,20573.0,2722.0,31.9,48.3
MUESTRA_008,Grifo_1,12,24116.0,23248.0,23545.0,2786.0,20585.0,2718.0,31.9,48.3
MUESTRA_008,Grifo_1,13,24125.0,23265.0,23564.0,2757.0,20572.0,2753.0,31.8,48.4
MUESTRA_008,Grifo_1,14,24147.0,23260.0,23563.0,2779.0,20583.0,2745.0,31.8,48.4
MUESTRA_008,Grifo_1,15,24142.0,23251.0,23554.0,2785.0,20581.0,2722.0,31.9,48.5
MUESTRA_008,Grifo_1,16,24156.0,23251.0,23561.0,2754.0,20579.0,2744.0,31.9,48.5
MUESTRA_008,Grifo_1,17,24150.0,23248.0,23566.0,2764.0,20583.0,2738.0,31.8,48.5
MUESTRA_008,Grifo_1,18,24153.0,23232.0,23564.0,2782.0,20593.0,2710.0,31.8,48.5
MUESTRA_008,Grifo_1,19,24144.0,23239.0,23556.0,2784.0,20576.0,2718.0,31.9,48.6
MUESTRA_008,Grifo_1,20,24132.0,23222.0,23536.0,2755.0,20572.0,2743.0,31.9,48.6
MUESTRA_008,Grifo_1,21,24138.0,23212.0,23535.0,2764.0,20566.0,2752.0,31.8,48.6
MUESTRA_008,Grifo_1,22,24137.0,23209.0,23539.0,2776.0,20568.0,2745.0,31.8,48.6
MUESTRA_008,Grifo_1,23,24149.0,23205.0,23537.0,2768.0,20572.0,2730.0,31.9,48.7
MUESTRA_008,Grifo_1,24,24136.0,23216.0,23513.0,2768.0,20554.0,2739.0,31.9,48.7
MUESTRA_008,Grifo_1,25,24132.0,23183.0,23534.0,2771.0,20560.0,2753.0,31.9,48.7
MUESTRA_008,Grifo_1,26,24138.0,23194.0,23530.0,2780.0,20559.0,2728.0,31.9,48.7
MUESTRA_008,Grifo_1,27,24133.0,23197.0,23534.0,2773.0,20569.0,2720.0,31.9,48.8
MUESTRA_008,Grifo_1,28,24141.0,23206.0,23530.0,2758.0,20576.0,2733.0,31.9,48.8
MUESTRA_008,Grifo_1,29,24143.0,23189.0,23537.0,2761.0,20567.0,2750.0,31.8,48.8
MUESTRA_008,Grifo_1,30,24138.0,23183.0,23547.0,2777.0,20565.0,2748.0,31.8,48.8
MUESTRA_009,Grifo_1,1,24132.0,23192.0,23523.0,2766.0,20553.0,2746.0,31.9,48.9
MUESTRA_009,Grifo_1,2,24129.0,23167.0,23520.0,2756.0,20559.0,2736.0,31.9,48.9
MUESTRA_009,Grifo_1,3,24143.0,23174.0,23517.0,2768.0,20561.0,2744.0,31.9,49.0
MUESTRA_009,Grifo_1,4,24133.0,23158.0,23511.0,2780.0,20563.0,2715.0,31.9,49.0
MUESTRA_009,Grifo_1,5,24135.0,23151.0,23504.0,2778.0,20553.0,2716.0,31.9,48.9
MUESTRA_009,Grifo_1,6,24134.0,23146.0,23526.0,2763.0,20548.0,2728.0,31.9,48.9
MUESTRA_009,Grifo_1,7,24135.0,23144.0,23513.0,2775.0,20548.0,2741.0,31.9,49.0
MUESTRA_009,Grifo_1,8,24135.0,23142.0,23529.0,2780.0,20539.0,2741.0,31.9,49.0
MUESTRA_009,Grifo_1,9,24143.0,23160.0,23519.0,2767.0,20563.0,2751.0,31.9,49.0
MUESTRA_009,Grifo_1,10,24132.0,23129.0,23498.0,2768.0,20543.0,2738.0,31.9,49.0
MUESTRA_009,Grifo_1,11,24142.0,23137.0,23513.0,2763.0,20550.0,2748.0,31.9,49.1
MUESTRA_009,Grifo_1,12,24132.0,23125.0,23509.0,2754.0,20546.0,2754.0,31.9,49.1
MUESTRA_009,Grifo_1,13,24149.0,23126.0,23496.0,2781.0,20554.0,2720.0,31.9,49.1
MUESTRA_009,Grifo_1,14,24150.0,23110.0,23501.0,2759.0,20547.0,2741.0,31.9,49.1
MUESTRA_009,Grifo_1,15,24151.0,23107.0,23508.0,2756.0,20552.0,2751.0,31.9,49.1
MUESTRA_009,Grifo_1,16,24139.0,23090.0,23497.0,2778.0,20541.0,2712.0,31.9,49.1
MUESTRA_009,Grifo_1,17,24156.0,23103.0,23504.0,2772.0,20532.0,2721.0,31.9,49.1
MUESTRA_009,Grifo_1,18,24146.0,23080.0,23491.0,2765.0,20519.0,2735.0,31.9,49.1
MUESTRA_009,Grifo_1,19,24163.0,23103.0,23521.0,2761.0,20535.0,2747.0,31.9,49.2
MUESTRA_009,Grifo_1,20,24160.0,23104.0,23514.0,2758.0,20537.0,2753.0,31.9,49.2
MUESTRA_009,Grifo_1,21,24161.0,23093.0,23514.0,2775.0,20541.0,2742.0,31.9,49.2
MUESTRA_009,Grifo_1,22,24155.0,23098.0,23439.0,2764.0,20535.0,2716.0,31.9,49.2
MUESTRA_009,Grifo_1,23,24122.0,23065.0,23429.0,2761.0,20524.0,2734.0,31.9,49.2
MUESTRA_009,Grifo_1,24,24141.0,23065.0,23440.0,2777.0,20538.0,2712.0,31.9,49.2
MUESTRA_009,Grifo_1,25,24133.0,23073.0,23434.0,2764.0,20525.0,2727.0,31.9,49.2
MUESTRA_009,Grifo_1,26,24162.0,23087.0,23450.0,2769.0,20546.0,2714.0,31.8,49.2
MUESTRA_009,Grifo_1,27,24147.0,23076.0,23415.0,2778.0,20525.0,2718.0,31.8,49.2
MUESTRA_009,Grifo_1,28,24142.0,23064.0,23435.0,2779.0,20534.0,2705.0,31.9,49.2
MUESTRA_009,Grifo_1,29,24149.0,23080.0,23417.0,2756.0,20529.0,2753.0,31.9,49.2
MUESTRA_009,Grifo_1,30,24148.0,23058.0,23405.0,2765.0,20509.0,2728.0,31.9,49.2
MUESTRA_010,Grifo_1,1,24152.0,23074.0,23414.0,2749.0,20526.0,2734.0,31.9,49.2
MUESTRA_010,Grifo_1,2,24154.0,23079.0,23412.0,2771.0,20530.0,2737.0,31.9,49.3
MUESTRA_010,Grifo_1,3,24226.0,23069.0,23496.0,2756.0,20570.0,2735.0,32.3,49.2
MUESTRA_010,Grifo_1,4,24213.0,23065.0,23513.0,2777.0,20594.0,2715.0,32.3,49.3
MUESTRA_010,Grifo_1,5,24211.0,23056.0,23503.0,2768.0,20580.0,2709.0,32.3,49.3
MUESTRA_010,Grifo_1,6,24232.0,23055.0,23511.0,2765.0,20586.0,2736.0,32.3,49.3
MUESTRA_010,Grifo_1,7,24227.0,23071.0,23533.0,2768.0,20601.0,2722.0,32.3,49.3
MUESTRA_010,Grifo_1,8,24228.0,23056.0,23507.0,2771.0,20579.0,2703.0,32.3,49.4
MUESTRA_010,Grifo_1,9,24230.0,23067.0,23511.0,2746.0,20597.0,2735.0,32.3,49.4
MUESTRA_010,Grifo_1,10,24239.0,23071.0,23493.0,2770.0,20591.0,2740.0,32.3,49.4
MUESTRA_010,Grifo_1,11,24214.0,23046.0,23479.0,2772.0,20588.0,2708.0,32.3,49.4
MUESTRA_010,Grifo_1,12,24222.0,23055.0,23506.0,2766.0,20596.0,2702.0,32.3,49.5
MUESTRA_010,Grifo_1,13,24221.0,23050.0,23479.0,2758.0,20592.0,2719.0,32.3,49.5
MUESTRA_010,Grifo_1,14,24220.0,23034.0,23500.0,2766.0,20598.0,2712.0,32.3,49.5
MUESTRA_010,Grifo_1,15,24228.0,23051.0,23477.0,2760.0,20594.0,2736.0,32.3,49.5
MUESTRA_010,Grifo_1,16,24232.0,23035.0,23481.0,2762.0,20585.0,2709.0,32.3,49.6
MUESTRA_010,Grifo_1,17,24238.0,23038.0,23489.0,2766.0,20582.0,2729.0,32.3,49.6
MUESTRA_010,Grifo_1,18,24226.0,23029.0,23482.0,2741.0,20582.0,2736.0,32.3,49.8
MUESTRA_010,Grifo_1,19,24243.0,23047.0,23500.0,2769.0,20597.0,2711.0,32.3,49.8
MUESTRA_010,Grifo_1,20,24236.0,23035.0,23483.0,2767.0,20593.0,2708.0,32.3,49.8
MUESTRA_010,Grifo_1,21,24238.0,23023.0,23477.0,2767.0,20595.0,2702.0,32.3,49.8
MUESTRA_010,Grifo_1,22,24238.0,23032.0,23479.0,2757.0,20590.0,2733.0,32.3,49.7
MUESTRA_010,Grifo_1,23,24224.0,23020.0,23485.0,2767.0,20591.0,2700.0,32.3,49.7
MUESTRA_010,Grifo_1,24,24205.0,23009.0,23463.0,2747.0,20580.0,2738.0,32.3,49.8
MUESTRA_010,Grifo_1,25,24223.0,23009.0,23458.0,2752.0,20581.0,2733.0,32.3,49.8
MUESTRA_010,Grifo_1,26,24221.0,23013.0,23466.0,2747.0,20571.0,2734.0,32.3,49.7
MUESTRA_010,Grifo_1,27,24241.0,23020.0,23488.0,2764.0,20588.0,2704.0,32.3,49.7
MUESTRA_010,Grifo_1,28,24222.0,23011.0,23458.0,2763.0,20562.0,2701.0,32.3,49.7
MUESTRA_010,Grifo_1,29,24245.0,23030.0,23473.0,2745.0,20572.0,2746.0,32.3,49.7
MUESTRA_010,Grifo_1,30,24230.0,23022.0,23475.0,2758.0,20577.0,2744.0,32.3,49.7
MUESTRA_011,Grifo_1,1,24234.0,23007.0,23477.0,2764.0,20563.0,2712.0,32.3,49.7
MUESTRA_011,Grifo_1,2,24232.0,23009.0,23468.0,2777.0,20570.0,2701.0,32.3,49.7
MUESTRA_011,Grifo_1,3,24237.0,23015.0,23477.0,2750.0,20578.0,2723.0,32.3,49.7
MUESTRA_011,Grifo_1,4,24235.0,23013.0,23485.0,2776.0,20575.0,2697.0,32.3,49.6
MUESTRA_011,Grifo_1,5,24237.0,23020.0,23488.0,2758.0,20563.0,2733.0,32.3,49.6
MUESTRA_011,Grifo_1,6,24248.0,23028.0,23490.0,2766.0,20569.0,2705.0,32.3,49.7
MUESTRA_011,Grifo_1,7,24241.0,23018.0,23489.0,2772.0,20558.0,2742.0,32.3,49.7
MUESTRA_011,Grifo_1,8,24230.0,23028.0,23499.0,2772.0,20567.0,2709.0,32.3,49.7
MUESTRA_011,Grifo_1,9,24220.0,23014.0,23488.0,2753.0,20569.0,2734.0,32.3,49.7
MUESTRA_011,Grifo_1,10,24221.0,23027.0,23502.0,2773.0,20556.0,2720.0,32.3,49.7
MUESTRA_011,Grifo_1,11,24242.0,23033.0,23509.0,2765.0,20575.0,2711.0,32.3,49.7
MUESTRA_011,Grifo_1,12,24225.0,23050.0,23486.0,2743.0,20564.0,2736.0,32.3,49.7
MUESTRA_011,Grifo_1,13,24232.0,23038.0,23498.0,2753.0,20571.0,2740.0,32.3,49.7
MUESTRA_011,Grifo_1,14,24211.0,23029.0,23497.0,2774.0,20570.0,2721.0,32.3,49.7
MUESTRA_011,Grifo_1,15,24230.0,23045.0,23496.0,2769.0,20578.0,2712.0,32.3,49.7
MUESTRA_011,Grifo_1,16,24240.0,23069.0,23506.0,2767.0,20584.0,2708.0,32.3,49.7
MUESTRA_011,Grifo_1,17,24231.0,23049.0,23502.0,2766.0,20578.0,2714.0,32.3,49.7
MUESTRA_011,Grifo_1,18,24239.0,23053.0,23504.0,2768.0,20577.0,2703.0,32.3,49.7
MUESTRA_011,Grifo_1,19,24232.0,23064.0,23503.0,2739.0,20583.0,2739.0,32.3,49.7
MUESTRA_011,Grifo_1,20,24235.0,23052.0,23500.0,2769.0,20584.0,2727.0,32.3,49.7
MUESTRA_011,Grifo_1,21,24240.0,23058.0,23497.0,2757.0,20581.0,2712.0,32.3,49.7
MUESTRA_011,Grifo_1,22,24231.0,23042.0,23489.0,2770.0,20593.0,2705.0,32.3,49.7
MUESTRA_011,Grifo_1,23,24248.0,23068.0,23497.0,2773.0,20593.0,2733.0,32.3,49.7
MUESTRA_011,Grifo_1,24,24233.0,23050.0,23484.0,2745.0,20587.0,2734.0,32.3,49.8
MUESTRA_011,Grifo_1,25,24241.0,23049.0,23485.0,2755.0,20597.0,2717.0,32.3,49.8
MUESTRA_011,Grifo_1,26,24228.0,23055.0,23478.0,2769.0,20593.0,2714.0,32.3,49.8
MUESTRA_011,Grifo_1,27,24251.0,23061.0,23478.0,2746.0,20598.0,2738.0,32.3,49.8
MUESTRA_011,Grifo_1,28,24238.0,23062.0,23483.0,2755.0,20603.0,2718.0,32.3,49.8
MUESTRA_011,Grifo_1,29,24239.0,23051.0,23487.0,2750.0,20593.0,2732.0,32.3,49.8
MUESTRA_011,Grifo_1,30,24241.0,23040.0,23472.0,2769.0,20580.0,2701.0,32.3,49.9
MUESTRA_012,Grifo_1,1,24233.0,23037.0,23479.0,2775.0,20598.0,2732.0,32.3,49.9
MUESTRA_012,Grifo_1,2,24234.0,23037.0,23478.0,2748.0,20595.0,2740.0,32.3,49.9
MUESTRA_012,Grifo_1,3,24235.0,23046.0,23478.0,2763.0,20597.0,2737.0,32.3,49.9
MUESTRA_012,Grifo_1,4,24219.0,23019.0,23467.0,2769.0,20583.0,2711.0,32.3,49.9
MUESTRA_012,Grifo_1,5,24229.0,23047.0,23481.0,2774.0,20585.0,2704.0,32.3,49.9
MUESTRA_012,Grifo_1,6,24247.0,23042.0,23484.0,2751.0,20596.0,2738.0,32.3,50.0
MUESTRA_012,Grifo_1,7,24244.0,23045.0,23470.0,2769.0,20585.0,2705.0,32.3,50.0
MUESTRA_012,Grifo_1,8,24255.0,23040.0,23474.0,2751.0,20596.0,2742.0,32.3,50.0
MUESTRA_012,Grifo_1,9,24242.0,23037.0,23464.0,2747.0,20592.0,2744.0,32.3,50.0
MUESTRA_012,Grifo_1,10,24234.0,23022.0,23449.0,2772.0,20579.0,2704.0,32.3,50.1
MUESTRA_012,Grifo_1,11,24239.0,23038.0,23457.0,2772.0,20595.0,2704.0,32.3,50.1
MUESTRA_012,Grifo_1,12,24231.0,23025.0,23460.0,2739.0,20590.0,2743.0,32.3,50.1
MUESTRA_012,Grifo_1,13,24242.0,23033.0,23452.0,2753.0,20581.0,2738.0,32.3,50.1
MUESTRA_012,Grifo_1,14,24225.0,23016.0,23462.0,2762.0,20589.0,2711.0,32.3,50.2
MUESTRA_012,Grifo_1,15,24257.0,23033.0,23471.0,2743.0,20591.0,2743.0,32.3,50.2
MUESTRA_012,Grifo_1,16,24239.0,23027.0,23457.0,2766.0,20587.0,2700.0,32.3,50.2
MUESTRA_012,Grifo_1,17,24249.0,23026.0,23464.0,2772.0,20595.0,2712.0,32.3,50.2
MUESTRA_012,Grifo_1,18,24232.0,23016.0,23454.0,2759.0,20569.0,2716.0,32.3,50.3
MUESTRA_012,Grifo_1,19,24227.0,23021.0,23465.0,2739.0,20593.0,2743.0,32.3,50.3
MUESTRA_012,Grifo_1,20,24241.0,23024.0,23463.0,2755.0,20595.0,2739.0,32.3,50.3
MUESTRA_012,Grifo_1,21,24228.0,23011.0,23461.0,2768.0,20574.0,2734.0,32.3,50.3
MUESTRA_012,Grifo_1,22,24223.0,23003.0,23455.0,2767.0,20582.0,2706.0,32.3,50.3
MUESTRA_012,Grifo_1,23,24233.0,23002.0,23451.0,2765.0,20585.0,2740.0,32.3,50.3
MUESTRA_012,Grifo_1,24,24239.0,23009.0,23436.0,2752.0,20571.0,2747.0,32.3,50.3
MUESTRA_012,Grifo_1,25,24238.0,23017.0,23455.0,2761.0,20577.0,2710.0,32.3,50.3
MUESTRA_012,Grifo_1,26,24250.0,23009.0,23457.0,2769.0,20590.0,2707.0,32.3,50.3
MUESTRA_012,Grifo_1,27,24248.0,22996.0,23463.0,2763.0,20580.0,2711.0,32.3,50.3
MUESTRA_012,Grifo_1,28,24247.0,22988.0,23468.0,2772.0,20575.0,2710.0,32.3,50.4
MUESTRA_012,Grifo_1,29,24247.0,23002.0,23463.0,2775.0,20570.0,2715.0,32.3,50.4
MUESTRA_012,Grifo_1,30,24237.0,22986.0,23454.0,2744.0,20557.0,2740.0,32.3,50.4
MUESTRA_013,Grifo_1,1,24253.0,22998.0,23476.0,2768.0,20574.0,2709.0,32.3,50.4
MUESTRA_013,Grifo_1,2,24239.0,23005.0,23470.0,2753.0,20562.0,2743.0,32.3,50.4
MUESTRA_013,Grifo_1,3,24247.0,23001.0,23463.0,2751.0,20574.0,2733.0,32.3,50.4
MUESTRA_013,Grifo_1,4,24229.0,23004.0,23451.0,2753.0,20566.0,2742.0,32.3,50.4
MUESTRA_013,Grifo_1,5,24234.0,23010.0,23464.0,2753.0,20557.0,2741.0,32.3,50.4
MUESTRA_013,Grifo_1,6,24221.0,23002.0,23458.0,2765.0,20565.0,2742.0,32.3,50.4
MUESTRA_013,Grifo_1,7,24252.0,23017.0,23446.0,2748.0,20582.0,2744.0,32.3,50.4
MUESTRA_013,Grifo_1,8,24251.0,23027.0,23451.0,2752.0,20580.0,2731.0,32.3,50.4
MUESTRA_013,Grifo_1,9,24251.0,23017.0,23460.0,2761.0,20584.0,2738.0,32.3,50.4
MUESTRA_013,Grifo_1,10,24237.0,23004.0,23450.0,2775.0,20571.0,2703.0,32.3,50.3
MUESTRA_013,Grifo_1,11,24242.0,23007.0,23444.0,2769.0,20586.0,2699.0,32.3,50.3
MUESTRA_013,Grifo_1,12,24263.0,23018.0,23448.0,2746.0,20574.0,2738.0,32.3,50.3
MUESTRA_013,Grifo_1,13,24247.0,23005.0,23439.0,2753.0,20557.0,2745.0,32.3,50.3
MUESTRA_013,Grifo_1,14,24234.0,22995.0,23446.0,2770.0,20569.0,2700.0,32.3,50.3
MUESTRA_013,Grifo_1,15,24247.0,23005.0,23459.0,2768.0,20568.0,2703.0,32.3,50.3
MUESTRA_013,Grifo_1,16,24239.0,23007.0,23478.0,2753.0,20584.0,2738.0,32.3,50.3
MUESTRA_013,Grifo_1,17,24255.0,23014.0,23460.0,2752.0,20569.0,2735.0,32.3,50.3
MUESTRA_013,Grifo_1,18,24246.0,23013.0,23463.0,2766.0,20569.0,2722.0,32.4,50.3
MUESTRA_013,Grifo_1,19,24239.0,23006.0,23464.0,2756.0,20579.0,2713.0,32.4,50.3
MUESTRA_013,Grifo_1,20,24253.0,23022.0,23519.0,2750.0,20587.0,2737.0,32.3,50.3
MUESTRA_013,Grifo_1,21,24251.0,23012.0,23470.0,2762.0,20565.0,2733.0,32.3,50.3
MUESTRA_013,Grifo_1,22,24271.0,23029.0,23449.0,2757.0,20586.0,2736.0,32.4,50.3
MUESTRA_013,Grifo_1,23,24270.0,23030.0,23475.0,2769.0,20599.0,2711.0,32.4,50.3
MUESTRA_013,Grifo_1,24,24273.0,23022.0,23465.0,2763.0,20592.0,2702.0,32.4,50.3
MUESTRA_013,Grifo_1,25,24253.0,23016.0,23479.0,2756.0,20585.0,2734.0,32.4,50.3
MUESTRA_013,Grifo_1,26,24268.0,23030.0,23494.0,2762.0,20593.0,2706.0,32.3,50.3
MUESTRA_013,Grifo_1,27,24263.0,23007.0,23458.0,2772.0,20591.0,2718.0,32.3,50.3
MUESTRA_013,Grifo_1,28,24271.0,23037.0,23471.0,2773.0,20595.0,2714.0,32.3,50.3
MUESTRA_013,Grifo_1,29,24247.0,23014.0,23463.0,2746.0,20587.0,2738.0,32.3,50.3
MUESTRA_013,Grifo_1,30,24248.0,23022.0,23455.0,2764.0,20577.0,2726.0,32.3,50.4
MUESTRA_014,Grifo_1,1,24269.0,23029.0,23463.0,2757.0,20587.0,2742.0,32.3,50.4
MUESTRA_014,Grifo_1,2,24262.0,23021.0,23464.0,2742.0,20589.0,2717.0,32.4,50.4
MUESTRA_014,Grifo_1,3,24273.0,23028.0,23469.0,2764.0,20585.0,2705.0,32.4,50.4
MUESTRA_014,Grifo_1,4,24272.0,23042.0,23480.0,2770.0,20603.0,2715.0,32.4,50.4
MUESTRA_014,Grifo_1,5,24264.0,23019.0,23456.0,2755.0,20602.0,2709.0,32.4,50.4
MUESTRA_014,Grifo_1,6,24263.0,23020.0,23462.0,2743.0,20602.0,2708.0,32.3,50.4
MUESTRA_014,Grifo_1,7,24271.0,23033.0,23469.0,2766.0,20601.0,2737.0,32.3,50.4
MUESTRA_014,Grifo_1,8,24266.0,23015.0,23455.0,2755.0,20589.0,2728.0,32.4,50.4
MUESTRA_014,Grifo_1,9,24266.0,23037.0,23455.0,2752.0,20589.0,2702.0,32.4,50.4
MUESTRA_014,Grifo_1,10,24274.0,23033.0,23457.0,2741.0,20592.0,2707.0,32.4,50.4
MUESTRA_014,Grifo_1,11,24274.0,23035.0,23448.0,2730.0,20586.0,2739.0,32.4,50.4
MUESTRA_014,Grifo_1,12,24266.0,23021.0,23444.0,2761.0,20577.0,2711.0,32.4,50.4
MUESTRA_014,Grifo_1,13,24276.0,23027.0,23449.0,2756.0,20551.0,2738.0,32.4,50.4
MUESTRA_014,Grifo_1,14,24248.0,23009.0,23468.0,2768.0,20551.0,2722.0,32.3,50.4
MUESTRA_014,Grifo_1,15,24278.0,23004.0,23438.0,2749.0,20563.0,2734.0,32.3,50.4
MUESTRA_014,Grifo_1,16,24271.0,22999.0,23427.0,2758.0,20560.0,2719.0,32.3,50.4
MUESTRA_014,Grifo_1,17,24283.0,23026.0,23448.0,2771.0,20585.0,2709.0,32.3,50.4
MUESTRA_014,Grifo_1,18,24275.0,23019.0,23473.0,2735.0,20586.0,2708.0,32.4,50.3
MUESTRA_014,Grifo_1,19,24293.0,23018.0,23453.0,2750.0,20589.0,2733.0,32.4,50.3
MUESTRA_014,Grifo_1,20,24276.0,23004.0,23460.0,2770.0,20579.0,2707.0,32.4,50.4
MUESTRA_014,Grifo_1,21,24284.0,23028.0,23467.0,2738.0,20579.0,2720.0,32.4,50.4
MUESTRA_014,Grifo_1,22,24287.0,23024.0,23492.0,2750.0,20584.0,2729.0,32.4,50.3
MUESTRA_014,Grifo_1,23,24288.0,23024.0,23486.0,2772.0,20605.0,2708.0,32.4,50.3
MUESTRA_014,Grifo_1,24,24301.0,23042.0,23495.0,2763.0,20607.0,2698.0,32.4,50.2
MUESTRA_014,Grifo_1,25,24253.0,23035.0,23467.0,2744.0,20596.0,2736.0,32.4,50.2
MUESTRA_014,Grifo_1,26,24282.0,23040.0,23467.0,2746.0,20607.0,2729.0,32.4,50.1
MUESTRA_014,Grifo_1,27,24268.0,23032.0,23442.0,2764.0,20588.0,2702.0,32.4,50.1
MUESTRA_014,Grifo_1,28,24269.0,23043.0,23458.0,2744.0,20594.0,2721.0,32.4,50.2
MUESTRA_014,Grifo_1,29,24288.0,23052.0,23478.0,2741.0,20599.0,2737.0,32.4,50.2
MUESTRA_014,Grifo_1,30,24283.0,23043.0,23477.0,2746.0,20599.0,2709.0,32.4,50.2
MUESTRA_015,Grifo_1,1,24276.0,23047.0,23476.0,2757.0,20620.0,2706.0,32.4,50.2
MUESTRA_015,Grifo_1,2,24268.0,23043.0,23648.0,2742.0,20603.0,2730.0,32.5,50.1
MUESTRA_015,Grifo_1,3,24304.0,23069.0,23657.0,2741.0,20608.0,2742.0,32.5,50.1
MUESTRA_015,Grifo_1,4,24276.0,23033.0,23651.0,2759.0,20611.0,2724.0,32.4,49.9
MUESTRA_015,Grifo_1,5,24280.0,23039.0,23647.0,2765.0,20613.0,2695.0,32.4,49.9
MUESTRA_015,Grifo_1,6,24294.0,23040.0,23640.0,2762.0,20616.0,2704.0,32.5,50.0
MUESTRA_015,Grifo_1,7,24290.0,23046.0,23673.0,2763.0,20644.0,2709.0,32.5,50.0
MUESTRA_015,Grifo_1,8,24292.0,23061.0,23679.0,2745.0,20636.0,2740.0,32.5,50.0
MUESTRA_015,Grifo_1,9,24280.0,23048.0,23591.0,2768.0,20629.0,2705.0,32.5,50.0
MUESTRA_015,Grifo_1,10,24288.0,23039.0,23664.0,2766.0,20638.0,2703.0,32.5,50.1
MUESTRA_015,Grifo_1,11,24293.0,23056.0,23585.0,2736.0,20632.0,2741.0,32.5,50.1
MUESTRA_015,Grifo_1,12,24293.0,23055.0,23598.0,2741.0,20653.0,2719.0,32.5,50.0
MUESTRA_015,Grifo_1,13,24312.0,23085.0,23598.0,2752.0,20654.0,2707.0,32.5,50.0
MUESTRA_015,Grifo_1,14,24303.0,23089.0,23607.0,2772.0,20682.0,2702.0,32.5,49.9
MUESTRA_015,Grifo_1,15,24289.0,23080.0,23616.0,2745.0,20668.0,2734.0,32.5,49.9
MUESTRA_015,Grifo_1,16,24299.0,23095.0,23604.0,2765.0,20678.0,2700.0,32.5,49.9
MUESTRA_015,Grifo_1,17,24303.0,23113.0,23609.0,2766.0,20690.0,2694.0,32.5,49.9
MUESTRA_015,Grifo_1,18,24294.0,23125.0,23612.0,2765.0,20675.0,2699.0,32.5,49.7
MUESTRA_015,Grifo_1,19,24277.0,23113.0,23605.0,2762.0,20692.0,2706.0,32.5,49.7
MUESTRA_015,Grifo_1,20,24289.0,23140.0,23608.0,2769.0,20683.0,2716.0,32.5,49.7
MUESTRA_015,Grifo_1,21,24301.0,23150.0,23603.0,2773.0,20676.0,2703.0,32.5,49.7
MUESTRA_015,Grifo_1,22,24301.0,23163.0,23612.0,2756.0,20692.0,2729.0,32.5,49.6
MUESTRA_015,Grifo_1,23,24282.0,23153.0,23601.0,2757.0,20685.0,2703.0,32.5,49.6
MUESTRA_015,Grifo_1,24,24284.0,23154.0,23609.0,2769.0,20700.0,2695.0,32.6,49.6
MUESTRA_015,Grifo_1,25,24288.0,23179.0,23596.0,2763.0,20690.0,2697.0,32.6,49.6
MUESTRA_015,Grifo_1,26,24298.0,23175.0,23612.0,2763.0,20706.0,2723.0,32.6,49.6
MUESTRA_015,Grifo_1,27,24283.0,23169.0,23591.0,2768.0,20679.0,2698.0,32.6,49.6
MUESTRA_015,Grifo_1,28,24275.0,23176.0,23574.0,2757.0,20688.0,2735.0,32.6,49.6
MUESTRA_015,Grifo_1,29,24293.0,23163.0,23572.0,2763.0,20681.0,2696.0,32.6,49.6
MUESTRA_015,Grifo_1,30,24283.0,23168.0,23568.0,2769.0,20675.0,2722.0,32.6,49.4
MUESTRA_016,Grifo_1,1,24276.0,23173.0,23573.0,2760.0,20676.0,2718.0,32.6,49.4
MUESTRA_016,Grifo_1,2,24285.0,23172.0,23583.0,2769.0,20673.0,2697.0,32.6,49.4
MUESTRA_016,Grifo_1,3,24286.0,23163.0,23566.0,2741.0,20672.0,2741.0,32.6,49.4
MUESTRA_016,Grifo_1,4,24294.0,23153.0,23543.0,2768.0,20679.0,2690.0,32.6,49.5
MUESTRA_016,Grifo_1,5,24275.0,23166.0,23563.0,2756.0,20675.0,2737.0,32.6,49.5
MUESTRA_016,Grifo_1,6,24272.0,23167.0,23558.0,2734.0,20699.0,2736.0,32.6,49.5
MUESTRA_016,Grifo_1,7,24267.0,23162.0,23525.0,2743.0,20673.0,2738.0,32.6,49.5
MUESTRA_016,Grifo_1,8,24253.0,23158.0,23532.0,2741.0,20669.0,2743.0,32.7,49.4
MUESTRA_016,Grifo_1,9,24267.0,23148.0,23530.0,2752.0,20661.0,2720.0,32.7,49.4
MUESTRA_016,Grifo_1,10,24265.0,23138.0,23524.0,2738.0,20662.0,2736.0,32.7,49.2
MUESTRA_016,Grifo_1,11,24274.0,23149.0,23525.0,2757.0,20673.0,2736.0,32.7,49.2
MUESTRA_016,Grifo_1,12,24277.0,23126.0,23527.0,2766.0,20660.0,2721.0,32.7,49.1
MUESTRA_016,Grifo_1,13,24283.0,23125.0,23524.0,2764.0,20653.0,2695.0,32.7,49.1
MUESTRA_016,Grifo_1,14,24270.0,23098.0,23516.0,2762.0,20648.0,2724.0,32.7,49.3
MUESTRA_016,Grifo_1,15,24281.0,23096.0,23535.0,2746.0,20650.0,2735.0,32.7,49.3
MUESTRA_016,Grifo_1,16,24291.0,23115.0,23567.0,2768.0,20663.0,2696.0,32.7,49.3
MUESTRA_016,Grifo_1,17,24300.0,23126.0,23581.0,2739.0,20673.0,2727.0,32.7,49.3
MUESTRA_016,Grifo_1,18,24281.0,23119.0,23603.0,2740.0,20707.0,2725.0,32.7,49.4
MUESTRA_016,Grifo_1,19,24300.0,23140.0,23614.0,2751.0,20703.0,2728.0,32.7,49.4
MUESTRA_016,Grifo_1,20,24292.0,23126.0,23615.0,2760.0,20707.0,2715.0,32.7,49.5
MUESTRA_016,Grifo_1,21,24280.0,23116.0,23636.0,2764.0,20725.0,2700.0,32.7,49.5
MUESTRA_016,Grifo_1,22,24289.0,23153.0,23644.0,2734.0,20730.0,2721.0,32.7,49.2
MUESTRA_016,Grifo_1,23,24280.0,23156.0,23659.0,2755.0,20732.0,2732.0,32.7,49.2
MUESTRA_016,Grifo_1,24,24280.0,23150.0,23640.0,2763.0,20724.0,2706.0,32.8,49.3
MUESTRA_016,Grifo_1,25,24289.0,23173.0,23654.0,2734.0,20735.0,2728.0,32.8,49.3
MUESTRA_016,Grifo_1,26,24286.0,23182.0,23635.0,2738.0,20734.0,2734.0,32.8,49.2
MUESTRA_016,Grifo_1,27,24287.0,23165.0,23627.0,2765.0,20713.0,2718.0,32.8,49.2
MUESTRA_016,Grifo_1,28,24265.0,23178.0,23633.0,2765.0,20727.0,2697.0,32.8,49.2
MUESTRA_016,Grifo_1,29,24274.0,23187.0,23622.0,2735.0,20725.0,2719.0,32.8,49.2
MUESTRA_016,Grifo_1,30,24265.0,23176.0,23609.0,2742.0,20716.0,2739.0,32.8,49.2
MUESTRA_017,Grifo_1,1,24274.0,23189.0,23634.0,2746.0,20723.0,2735.0,32.8,49.2
MUESTRA_017,Grifo_1,2,24255.0,23165.0,23610.0,2759.0,20721.0,2705.0,32.9,49.2
MUESTRA_017,Grifo_1,3,24274.0,23169.0,23613.0,2739.0,20722.0,2740.0,32.9,49.2
MUESTRA_017,Grifo_1,4,24264.0,23179.0,23623.0,2750.0,20717.0,2730.0,32.8,49.3
MUESTRA_017,Grifo_1,5,24275.0,23187.0,23611.0,2765.0,20737.0,2699.0,32.8,49.3
MUESTRA_017,Grifo_1,6,24279.0,23195.0,23610.0,2753.0,20720.0,2740.0,32.9,49.1
MUESTRA_017,Grifo_1,7,24277.0,23180.0,23607.0,2762.0,20725.0,2699.0,32.9,49.1
MUESTRA_017,Grifo_1,8,24290.0,23187.0,23620.0,2768.0,20737.0,2692.0,32.9,49.1
MUESTRA_017,Grifo_1,9,24269.0,23187.0,23594.0,2764.0,20729.0,2690.0,32.9,49.1
MUESTRA_017,Grifo_1,10,24287.0,23190.0,23603.0,2771.0,20737.0,2715.0,32.8,49.1
MUESTRA_017,Grifo_1,11,24278.0,23210.0,23613.0,2742.0,20741.0,2732.0,32.8,49.1
MUESTRA_017,Grifo_1,12,24275.0,23195.0,23610.0,2741.0,20732.0,2731.0,32.8,49.2
MUESTRA_017,Grifo_1,13,24273.0,23217.0,23625.0,2756.0,20733.0,2719.0,32.8,49.2
MUESTRA_017,Grifo_1,14,24276.0,23204.0,23608.0,2745.0,20713.0,2731.0,32.9,49.0
MUESTRA_017,Grifo_1,15,24261.0,23186.0,23606.0,2744.0,20724.0,2737.0,32.9,49.0
MUESTRA_017,Grifo_1,16,24292.0,23221.0,23626.0,2761.0,20737.0,2698.0,32.9,48.9
MUESTRA_017,Grifo_1,17,24288.0,23203.0,23634.0,2748.0,20740.0,2711.0,32.9,48.9
MUESTRA_017,Grifo_1,18,24258.0,23199.0,23624.0,2732.0,20732.0,2719.0,32.9,48.9
MUESTRA_017,Grifo_1,19,24275.0,23208.0,23636.0,2765.0,20735.0,2695.0,32.9,48.9
MUESTRA_017,Grifo_1,20,24280.0,23203.0,23644.0,2760.0,20750.0,2697.0,32.9,49.0
MUESTRA_017,Grifo_1,21,24295.0,23217.0,23615.0,2756.0,20746.0,2704.0,32.9,49.0
MUESTRA_017,Grifo_1,22,24289.0,23219.0,23631.0,2751.0,20750.0,2730.0,32.9,49.0
MUESTRA_017,Grifo_1,23,24277.0,23219.0,23619.0,2759.0,20742.0,2730.0,32.9,49.0
MUESTRA_017,Grifo_1,24,24287.0,23210.0,23620.0,2764.0,20744.0,2703.0,32.9,48.9
MUESTRA_017,Grifo_1,25,24274.0,23229.0,23634.0,2759.0,20733.0,2723.0,32.9,48.9
MUESTRA_017,Grifo_1,26,24277.0,23210.0,23615.0,2762.0,20737.0,2726.0,32.9,48.9
MUESTRA_017,Grifo_1,27,24288.0,23215.0,23618.0,2756.0,20740.0,2701.0,32.9,48.9
MUESTRA_017,Grifo_1,28,24280.0,23222.0,23628.0,2741.0,20752.0,2724.0,32.9,48.9
MUESTRA_017,Grifo_1,29,24287.0,23228.0,23648.0,2745.0,20764.0,2736.0,32.9,48.9
MUESTRA_017,Grifo_1,30,24292.0,23236.0,23639.0,2741.0,20750.0,2736.0,32.9,48.9
MUESTRA_018,Grifo_2,1,23167.0,21738.0,22408.0,2868.0,19569.0,2857.0,25.5,32.9
MUESTRA_018,Grifo_2,2,23168.0,21726.0,22420.0,2882.0,19547.0,2831.0,25.6,33.0
MUESTRA_018,Grifo_2,3,23159.0,21723.0,22406.0,2868.0,19539.0,2851.0,25.6,33.0
MUESTRA_018,Grifo_2,4,23162.0,21728.0,22398.0,2869.0,19563.0,2853.0,25.6,33.0
MUESTRA_018,Grifo_2,5,23173.0,21712.0,22399.0,2876.0,19550.0,2834.0,25.6,33.0
MUESTRA_018,Grifo_2,6,23171.0,21717.0,22393.0,2884.0,19541.0,2836.0,25.6,33.0
MUESTRA_018,Grifo_2,7,23173.0,21713.0,22394.0,2870.0,19552.0,2850.0,25.6,33.0
MUESTRA_018,Grifo_2,8,23168.0,21726.0,22397.0,2867.0,19547.0,2851.0,25.6,33.0
MUESTRA_018,Grifo_2,9,23154.0,21711.0,22383.0,2866.0,19541.0,2855.0,25.6,33.0
MUESTRA_018,Grifo_2,10,23177.0,21728.0,22396.0,2865.0,19532.0,2843.0,25.6,32.9
MUESTRA_018,Grifo_2,11,23163.0,21711.0,22378.0,2881.0,19534.0,2823.0,25.6,32.9
MUESTRA_018,Grifo_2,12,23171.0,21722.0,22378.0,2865.0,19552.0,2838.0,25.6,33.0
MUESTRA_018,Grifo_2,13,23176.0,21723.0,22388.0,2870.0,19565.0,2845.0,25.6,33.0
MUESTRA_018,Grifo_2,14,23175.0,21715.0,22383.0,2881.0,19566.0,2837.0,25.6,33.0
MUESTRA_018,Grifo_2,15,23160.0,21724.0,22384.0,2865.0,19556.0,2859.0,25.6,33.0
MUESTRA_018,Grifo_2,16,23166.0,21722.0,22396.0,2865.0,19537.0,2845.0,25.6,33.0
MUESTRA_018,Grifo_2,17,23167.0,21706.0,22401.0,2872.0,19537.0,2841.0,25.6,33.0
MUESTRA_018,Grifo_2,18,23169.0,21710.0,22393.0,2861.0,19519.0,2854.0,25.6,33.0
MUESTRA_018,Grifo_2,19,23159.0,21715.0,22376.0,2879.0,19540.0,2824.0,25.6,33.0
MUESTRA_018,Grifo_2,20,23165.0,21725.0,22386.0,2872.0,19548.0,2822.0,25.7,32.9
MUESTRA_018,Grifo_2,21,23156.0,21721.0,22380.0,2871.0,19549.0,2833.0,25.7,32.9
MUESTRA_018,Grifo_2,22,23166.0,21718.0,22389.0,2866.0,19546.0,2849.0,25.7,32.9
MUESTRA_018,Grifo_2,23,23148.0,21704.0,22373.0,2881.0,19517.0,2838.0,25.7,32.9
MUESTRA_018,Grifo_2,24,23149.0,21697.0,22360.0,2869.0,19517.0,2830.0,25.7,32.9
MUESTRA_018,Grifo_2,25,23141.0,21698.0,22367.0,2867.0,19523.0,2838.0,25.7,32.9
MUESTRA_018,Grifo_2,26,23170.0,21708.0,22366.0,2875.0,19524.0,2834.0,25.7,32.9
MUESTRA_018,Grifo_2,27,23187.0,21728.0,22400.0,2866.0,19542.0,2842.0,25.7,32.9
MUESTRA_018,Grifo_2,28,23181.0,21728.0,22379.0,2862.0,19559.0,2856.0,25.7,32.9
MUESTRA_018,Grifo_2,29,23174.0,21737.0,22354.0,2874.0,19554.0,2834.0,25.7,32.9
MUESTRA_018,Grifo_2,30,23175.0,21726.0,22357.0,2860.0,19558.0,2841.0,25.7,32.9
MUESTRA_019,Grifo_2,1,23164.0,21725.0,22355.0,2866.0,19541.0,2842.0,25.7,32.9
MUESTRA_019,Grifo_2,2,23152.0,21725.0,22345.0,2867.0,19519.0,2855.0,25.7,33.0
MUESTRA_019,Grifo_2,3,23154.0,21704.0,22352.0,2884.0,19527.0,2832.0,25.7,33.0
MUESTRA_019,Grifo_2,4,23162.0,21718.0,22357.0,2863.0,19534.0,2843.0,25.7,32.9
MUESTRA_019,Grifo_2,5,23156.0,21716.0,22334.0,2862.0,19538.0,2846.0,25.7,32.9
MUESTRA_019,Grifo_2,6,23182.0,21712.0,22346.0,2876.0,19540.0,2828.0,25.7,32.9
MUESTRA_019,Grifo_2,7,23166.0,21718.0,22344.0,2868.0,19526.0,2838.0,25.7,32.9
MUESTRA_019,Grifo_2,8,23160.0,21706.0,22358.0,2877.0,19536.0,2849.0,25.8,33.0
MUESTRA_019,Grifo_2,9,23166.0,21713.0,22343.0,2875.0,19545.0,2826.0,25.8,33.0
MUESTRA_019,Grifo_2,10,23156.0,21699.0,22331.0,2859.0,19536.0,2847.0,25.8,33.0
MUESTRA_019,Grifo_2,11,23172.0,21708.0,22347.0,2872.0,19523.0,2815.0,25.8,33.0
MUESTRA_019,Grifo_2,12,23150.0,21682.0,22328.0,2878.0,19525.0,2819.0,25.8,33.0
MUESTRA_019,Grifo_2,13,23172.0,21704.0,22359.0,2868.0,19523.0,2829.0,25.8,33.0
MUESTRA_019,Grifo_2,14,23169.0,21698.0,22360.0,2874.0,19524.0,2844.0,25.8,33.0
MUESTRA_019,Grifo_2,15,23160.0,21692.0,22366.0,2871.0,19528.0,2827.0,25.8,33.0
MUESTRA_019,Grifo_2,16,23162.0,21706.0,22359.0,2854.0,19524.0,2844.0,25.8,33.0
MUESTRA_019,Grifo_2,17,23160.0,21703.0,22364.0,2875.0,19534.0,2823.0,25.8,33.0
MUESTRA_019,Grifo_2,18,23157.0,21719.0,22390.0,2875.0,19517.0,2832.0,25.8,32.9
MUESTRA_019,Grifo_2,19,23176.0,21708.0,22399.0,2877.0,19527.0,2821.0,25.8,32.9
MUESTRA_019,Grifo_2,20,23174.0,21704.0,22377.0,2854.0,19541.0,2844.0,25.8,32.9
MUESTRA_019,Grifo_2,21,23169.0,21718.0,22372.0,2864.0,19535.0,2841.0,25.8,32.9
MUESTRA_019,Grifo_2,22,23182.0,21704.0,22397.0,2873.0,19543.0,2817.0,25.9,33.0
MUESTRA_019,Grifo_2,23,23169.0,21697.0,22395.0,2868.0,19542.0,2823.0,25.9,33.0
MUESTRA_019,Grifo_2,24,23165.0,21706.0,22380.0,2856.0,19552.0,2849.0,25.9,32.9
MUESTRA_019,Grifo_2,25,23166.0,21704.0,22401.0,2873.0,19534.0,2837.0,25.9,32.9
MUESTRA_019,Grifo_2,26,23167.0,21703.0,22393.0,2871.0,19534.0,2818.0,25.9,33.0
MUESTRA_019,Grifo_2,27,23178.0,21714.0,22394.0,2875.0,19542.0,2821.0,25.9,33.0
MUESTRA_019,Grifo_2,28,23183.0,21719.0,22400.0,2850.0,19550.0,2849.0,25.9,33.0
MUESTRA_019,Grifo_2,29,23176.0,21709.0,22399.0,2873.0,19533.0,2818.0,25.9,33.0
MUESTRA_019,Grifo_2,30,23180.0,21710.0,22399.0,2855.0,19538.0,2853.0,25.9,33.0
MUESTRA_020,Grifo_2,1,23189.0,21695.0,22386.0,2859.0,19541.0,2854.0,25.9,33.0
MUESTRA_020,Grifo_2,2,23179.0,21695.0,22395.0,2872.0,19537.0,2816.0,25.9,33.0
MUESTRA_020,Grifo_2,3,23188.0,21701.0,22396.0,2870.0,19551.0,2825.0,25.9,33.0
MUESTRA_020,Grifo_2,4,23175.0,21701.0,22407.0,2859.0,19545.0,2851.0,25.9,32.9
MUESTRA_020,Grifo_2,5,23185.0,21689.0,22408.0,2869.0,19541.0,2804.0,25.9,32.9
MUESTRA_020,Grifo_2,6,23178.0,21697.0,22423.0,2866.0,19548.0,2825.0,26.0,33.0
MUESTRA_020,Grifo_2,7,23193.0,21710.0,22422.0,2862.0,19545.0,2841.0,26.0,33.0
MUESTRA_020,Grifo_2,8,23195.0,21703.0,22402.0,2868.0,19537.0,2814.0,26.0,33.0
MUESTRA_020,Grifo_2,9,23191.0,21704.0,22395.0,2863.0,19550.0,2834.0,26.0,33.0
MUESTRA_020,Grifo_2,10,23192.0,21695.0,22413.0,2873.0,19540.0,2816.0,26.0,33.0
MUESTRA_020,Grifo_2,11,23190.0,21691.0,22377.0,2869.0,19557.0,2819.0,26.0,33.0
MUESTRA_020,Grifo_2,12,23190.0,21690.0,22377.0,2862.0,19550.0,2822.0,26.0,33.0
MUESTRA_020,Grifo_2,13,23190.0,21706.0,22397.0,2864.0,19559.0,2832.0,26.0,33.0
MUESTRA_020,Grifo_2,14,23171.0,21679.0,22384.0,2862.0,19540.0,2842.0,26.0,33.0
MUESTRA_020,Grifo_2,15,23197.0,21707.0,22398.0,2861.0,19563.0,2830.0,26.0,33.0
MUESTRA_020,Grifo_2,16,23196.0,21696.0,22373.0,2856.0,19553.0,2848.0,26.0,32.9
MUESTRA_020,Grifo_2,17,23200.0,21699.0,22406.0,2877.0,19551.0,2821.0,26.0,32.9
MUESTRA_020,Grifo_2,18,23195.0,21688.0,22381.0,2870.0,19554.0,2816.0,26.0,33.0
MUESTRA_020,Grifo_2,19,23202.0,21687.0,22389.0,2856.0,19532.0,2842.0,26.0,33.0
MUESTRA_020,Grifo_2,20,23202.0,21696.0,22412.0,2871.0,19546.0,2812.0,26.1,33.0
MUESTRA_020,Grifo_2,21,23185.0,21681.0,22412.0,2858.0,19536.0,2824.0,26.1,33.0
MUESTRA_020,Grifo_2,22,23201.0,21678.0,22409.0,2853.0,19534.0,2845.0,26.1,32.9
MUESTRA_020,Grifo_2,23,23182.0,21678.0,22401.0,2875.0,19530.0,2833.0,26.1,32.9
MUESTRA_020,Grifo_2,24,23175.0,21682.0,22396.0,2863.0,19533.0,2818.0,26.1,33.0
MUESTRA_020,Grifo_2,25,23183.0,21690.0,22426.0,2856.0,19541.0,2841.0,26.1,33.0
MUESTRA_020,Grifo_2,26,23172.0,21675.0,22412.0,2873.0,19543.0,2823.0,26.1,32.9
MUESTRA_020,Grifo_2,27,23193.0,21673.0,22411.0,2854.0,19544.0,2831.0,26.1,32.9
MUESTRA_020,Grifo_2,28,23186.0,21687.0,22415.0,2861.0,19546.0,2843.0,26.1,32.9
MUESTRA_020,Grifo_2,29,23187.0,21673.0,22434.0,2862.0,19539.0,2837.0,26.1,32.9
MUESTRA_020,Grifo_2,30,23194.0,21685.0,22440.0,2862.0,19548.0,2824.0,26.2,32.9
MUESTRA_021,Grifo_2,1,23184.0,21668.0,22430.0,2853.0,19535.0,2841.0,26.2,32.9
MUESTRA_021,Grifo_2,2,23191.0,21687.0,22532.0,2861.0,19553.0,2842.0,26.2,32.8
MUESTRA_021,Grifo_2,3,23177.0,21668.0,22528.0,2868.0,19556.0,2825.0,26.2,32.8
MUESTRA_021,Grifo_2,4,23194.0,21686.0,22528.0,2853.0,19554.0,2847.0,26.2,32.8
MUESTRA_021,Grifo_2,5,23188.0,21687.0,22540.0,2869.0,19550.0,2825.0,26.2,32.8
MUESTRA_021,Grifo_2,6,23173.0,21674.0,22552.0,2868.0,19545.0,2827.0,26.2,32.8
MUESTRA_021,Grifo_2,7,23187.0,21684.0,22548.0,2853.0,19541.0,2838.0,26.2,32.8
MUESTRA_021,Grifo_2,8,23169.0,21666.0,22539.0,2868.0,19533.0,2808.0,26.2,32.7
MUESTRA_021,Grifo_2,9,23172.0,21668.0,22531.0,2860.0,19528.0,2818.0,26.2,32.7
MUESTRA_021,Grifo_2,10,23175.0,21678.0,22543.0,2859.0,19543.0,2843.0,26.2,32.7
MUESTRA_021,Grifo_2,11,23181.0,21678.0,22544.0,2862.0,19529.0,2832.0,26.2,32.7
MUESTRA_021,Grifo_2,12,23174.0,21680.0,22541.0,2873.0,19526.0,2813.0,26.2,32.7
MUESTRA_021,Grifo_2,13,23185.0,21676.0,22537.0,2850.0,19535.0,2835.0,26.2,32.7
MUESTRA_021,Grifo_2,14,23181.0,21674.0,22561.0,2856.0,19544.0,2841.0,26.2,32.7
MUESTRA_021,Grifo_2,15,23178.0,21682.0,22532.0,2864.0,19532.0,2806.0,26.2,32.7
MUESTRA_021,Grifo_2,16,23186.0,21689.0,22541.0,2852.0,19527.0,2842.0,26.3,32.7
MUESTRA_021,Grifo_2,17,23181.0,21673.0,22547.0,2857.0,19519.0,2837.0,26.3,32.7
MUESTRA_021,Grifo_2,18,23186.0,21704.0,22548.0,2864.0,19532.0,2830.0,26.3,32.6
MUESTRA_021,Grifo_2,19,23172.0,21698.0,22542.0,2853.0,19540.0,2839.0,26.3,32.6
MUESTRA_021,Grifo_2,20,23166.0,21696.0,22535.0,2863.0,19541.0,2836.0,26.3,33.0
MUESTRA_021,Grifo_2,21,23172.0,21701.0,22548.0,2864.0,19549.0,2814.0,26.3,33.0
MUESTRA_021,Grifo_2,22,23158.0,21704.0,22532.0,2855.0,19543.0,2843.0,26.3,32.6
MUESTRA_021,Grifo_2,23,23166.0,21690.0,22523.0,2860.0,19538.0,2842.0,26.3,32.6
MUESTRA_021,Grifo_2,24,23178.0,21687.0,22519.0,2857.0,19536.0,2825.0,26.3,32.6
MUESTRA_021,Grifo_2,25,23157.0,21684.0,22510.0,2854.0,19534.0,2829.0,26.3,32.6
MUESTRA_021,Grifo_2,26,23165.0,21697.0,22519.0,2860.0,19523.0,2833.0,26.3,32.6
MUESTRA_021,Grifo_2,27,23159.0,21682.0,22507.0,2871.0,19514.0,2807.0,26.3,32.6
MUESTRA_021,Grifo_2,28,23169.0,21680.0,22509.0,2853.0,19512.0,2831.0,26.3,32.6
MUESTRA_021,Grifo_2,29,23159.0,21678.0,22503.0,2849.0,19519.0,2833.0,26.3,32.6
MUESTRA_021,Grifo_2,30,23166.0,21678.0,22516.0,2847.0,19517.0,2845.0,26.3,32.7
MUESTRA_022,Grifo_2,1,23172.0,21665.0,22510.0,2845.0,19510.0,2837.0,26.3,32.7
MUESTRA_022,Grifo_2,2,23165.0,21663.0,22510.0,2852.0,19515.0,2838.0,26.3,32.7
MUESTRA_022,Grifo_2,3,23155.0,21657.0,22413.0,2874.0,19517.0,2807.0,26.3,32.7
MUESTRA_022,Grifo_2,4,23178.0,21651.0,22417.0,2872.0,19515.0,2813.0,26.3,32.7
MUESTRA_022,Grifo_2,5,23189.0,21672.0,22440.0,2859.0,19506.0,2829.0,26.3,32.7
MUESTRA_022,Grifo_2,6,23186.0,21669.0,22459.0,2867.0,19517.0,2818.0,26.3,32.8
MUESTRA_022,Grifo_2,7,23191.0,21667.0,22470.0,2844.0,19507.0,2829.0,26.3,32.8
MUESTRA_022,Grifo_2,8,23173.0,21677.0,22472.0,2859.0,19515.0,2835.0,26.4,32.8
MUESTRA_022,Grifo_2,9,23189.0,21666.0,22462.0,2862.0,19521.0,2818.0,26.4,32.8
MUESTRA_022,Grifo_2,10,23174.0,21652.0,22465.0,2847.0,19516.0,2837.0,26.4,32.8
MUESTRA_022,Grifo_2,11,23185.0,21658.0,22463.0,2852.0,19526.0,2831.0,26.4,32.8
MUESTRA_022,Grifo_2,12,23201.0,21659.0,22482.0,2867.0,19547.0,2801.0,26.4,32.8
MUESTRA_022,Grifo_2,13,23196.0,21664.0,22465.0,2851.0,19539.0,2836.0,26.4,32.8
MUESTRA_022,Grifo_2,14,23189.0,21652.0,22470.0,2870.0,19531.0,2808.0,26.4,32.9
MUESTRA_022,Grifo_2,15,23197.0,21652.0,22455.0,2851.0,19530.0,2821.0,26.4,32.9
MUESTRA_022,Grifo_2,16,23200.0,21654.0,22454.0,2855.0,19527.0,2836.0,26.4,32.9
MUESTRA_022,Grifo_2,17,23203.0,21658.0,22457.0,2870.0,19523.0,2808.0,26.4,32.9
MUESTRA_022,Grifo_2,18,23194.0,21649.0,22431.0,2856.0,19550.0,2819.0,26.4,32.9
MUESTRA_022,Grifo_2,19,23185.0,21648.0,22439.0,2848.0,19549.0,2837.0,26.4,32.9
MUESTRA_022,Grifo_2,20,23189.0,21647.0,22442.0,2866.0,19547.0,2809.0,26.5,32.8
MUESTRA_022,Grifo_2,21,23198.0,21656.0,22478.0,2841.0,19563.0,2825.0,26.5,32.8
MUESTRA_022,Grifo_2,22,23206.0,21657.0,22461.0,2851.0,19520.0,2840.0,26.5,32.8
MUESTRA_022,Grifo_2,23,23197.0,21652.0,22456.0,2864.0,19525.0,2804.0,26.5,32.8
MUESTRA_022,Grifo_2,24,23197.0,21651.0,22469.0,2847.0,19543.0,2824.0,26.5,32.8
MUESTRA_022,Grifo_2,25,23182.0,21649.0,22461.0,2854.0,19519.0,2839.0,26.5,32.8
MUESTRA_022,Grifo_2,26,23193.0,21662.0,22465.0,2841.0,19532.0,2845.0,26.5,32.8
MUESTRA_022,Grifo_2,27,23195.0,21671.0,22468.0,2846.0,19557.0,2839.0,26.5,32.8
MUESTRA_022,Grifo_2,28,23187.0,21656.0,22462.0,2866.0,19534.0,2831.0,26.5,32.7
MUESTRA_022,Grifo_2,29,23186.0,21662.0,22429.0,2862.0,19521.0,2811.0,26.5,32.7
MUESTRA_022,Grifo_2,30,23192.0,21658.0,22453.0,2846.0,19520.0,2841.0,26.5,32.7
MUESTRA_023,Grifo_2,1,23193.0,21668.0,22451.0,2851.0,19524.0,2833.0,26.5,32.7
MUESTRA_023,Grifo_2,2,23194.0,21659.0,22452.0,2862.0,19525.0,2807.0,26.5,32.7
MUESTRA_023,Grifo_2,3,23195.0,21670.0,22460.0,2844.0,19540.0,2839.0,26.5,32.7
MUESTRA_023,Grifo_2,4,23181.0,21652.0,22452.0,2858.0,19527.0,2822.0,26.5,32.7
MUESTRA_023,Grifo_2,5,23191.0,21651.0,22449.0,2857.0,19518.0,2813.0,26.5,32.7
MUESTRA_023,Grifo_2,6,23184.0,21645.0,22443.0,2861.0,19513.0,2824.0,26.5,32.7
MUESTRA_023,Grifo_2,7,23193.0,21652.0,22438.0,2850.0,19529.0,2836.0,26.5,32.7
MUESTRA_023,Grifo_2,8,23190.0,21645.0,22451.0,2850.0,19527.0,2809.0,26.6,32.8
MUESTRA_023,Grifo_2,9,23197.0,21641.0,22435.0,2856.0,19518.0,2820.0,26.6,32.8
MUESTRA_023,Grifo_2,10,23185.0,21645.0,22456.0,2845.0,19541.0,2833.0,26.6,32.8
MUESTRA_023,Grifo_2,11,23209.0,21659.0,22467.0,2862.0,19531.0,2823.0,26.6,32.8
MUESTRA_023,Grifo_2,12,23200.0,21662.0,22482.0,2860.0,19551.0,2812.0,26.6,32.7
MUESTRA_023,Grifo_2,13,23192.0,21651.0,22465.0,2847.0,19532.0,2839.0,26.6,32.7
MUESTRA_023,Grifo_2,14,23176.0,21637.0,22477.0,2870.0,19527.0,2812.0,26.6,32.8
MUESTRA_023,Grifo_2,15,23202.0,21651.0,22467.0,2851.0,19531.0,2836.0,26.6,32.8
MUESTRA_023,Grifo_2,16,23208.0,21663.0,22481.0,2861.0,19542.0,2804.0,26.6,32.7
MUESTRA_023,Grifo_2,17,23199.0,21643.0,22466.0,2848.0,19534.0,2836.0,26.6,32.7
MUESTRA_023,Grifo_2,18,23205.0,21653.0,22477.0,2849.0,19541.0,2823.0,26.6,32.7
MUESTRA_023,Grifo_2,19,23185.0,21650.0,22471.0,2853.0,19523.0,2838.0,26.6,32.7
MUESTRA_023,Grifo_2,20,23187.0,21650.0,22464.0,2858.0,19534.0,2825.0,26.6,32.7
MUESTRA_023,Grifo_2,21,23194.0,21654.0,22467.0,2863.0,19534.0,2828.0,26.6,32.7
MUESTRA_023,Grifo_2,22,23181.0,21639.0,22481.0,2863.0,19522.0,2811.0,26.6,32.7
MUESTRA_023,Grifo_2,23,23200.0,21653.0,22478.0,2851.0,19532.0,2834.0,26.6,32.7
MUESTRA_023,Grifo_2,24,23194.0,21645.0,22470.0,2860.0,19530.0,2832.0,26.7,32.7
MUESTRA_023,Grifo_2,25,23193.0,21646.0,22476.0,2861.0,19536.0,2806.0,26.7,32.7
MUESTRA_023,Grifo_2,26,23176.0,21629.0,22430.0,2867.0,19532.0,2811.0,26.7,32.7
MUESTRA_023,Grifo_2,27,23180.0,21639.0,22444.0,2850.0,19549.0,2838.0,26.7,32.7
MUESTRA_023,Grifo_2,28,23193.0,21660.0,22464.0,2850.0,19530.0,2819.0,26.7,32.7
MUESTRA_023,Grifo_2,29,23172.0,21648.0,22432.0,2865.0,19529.0,2798.0,26.7,32.7
MUESTRA_023,Grifo_2,30,23177.0,21661.0,22454.0,2867.0,19533.0,2833.0,26.7,32.7
MUESTRA_024,Grifo_2,1,23177.0,21651.0,22430.0,2863.0,19525.0,2810.0,26.7,32.7
MUESTRA_024,Grifo_2,2,23182.0,21662.0,22448.0,2853.0,19542.0,2816.0,26.7,32.6
MUESTRA_024,Grifo_2,3,23199.0,21660.0,22437.0,2864.0,19509.0,2803.0,26.7,32.6
MUESTRA_024,Grifo_2,4,23181.0,21647.0,22451.0,2858.0,19528.0,2828.0,26.7,32.7
MUESTRA_024,Grifo_2,5,23193.0,21660.0,22440.0,2842.0,19560.0,2831.0,26.7,32.7
MUESTRA_024,Grifo_2,6,23174.0,21649.0,22419.0,2842.0,19529.0,2833.0,26.7,32.7
MUESTRA_024,Grifo_2,7,23173.0,21639.0,22440.0,2862.0,19518.0,2804.0,26.7,32.7
MUESTRA_024,Grifo_2,8,23162.0,21630.0,22417.0,2840.0,19505.0,2837.0,26.7,32.7
MUESTRA_024,Grifo_2,9,23155.0,21628.0,22425.0,2870.0,19503.0,2804.0,26.7,32.7
MUESTRA_024,Grifo_2,10,23179.0,21641.0,22425.0,2845.0,19511.0,2827.0,26.7,32.7
MUESTRA_024,Grifo_2,11,23176.0,21643.0,22440.0,2847.0,19522.0,2837.0,26.7,32.7
MUESTRA_024,Grifo_2,12,23189.0,21634.0,22435.0,2849.0,19512.0,2812.0,26.7,32.7
MUESTRA_024,Grifo_2,13,23174.0,21649.0,22454.0,2861.0,19523.0,2836.0,26.7,32.7
MUESTRA_024,Grifo_2,14,23159.0,21649.0,22425.0,2859.0,19541.0,2819.0,26.7,32.7
MUESTRA_024,Grifo_2,15,23163.0,21631.0,22438.0,2839.0,19499.0,2824.0,26.7,32.7
MUESTRA_024,Grifo_2,16,23161.0,21619.0,22419.0,2864.0,19496.0,2807.0,26.7,32.7
MUESTRA_024,Grifo_2,17,23156.0,21631.0,22429.0,2851.0,19492.0,2832.0,26.7,32.7
MUESTRA_024,Grifo_2,18,23165.0,21632.0,22438.0,2856.0,19514.0,2824.0,26.7,33.1
MUESTRA_024,Grifo_2,19,23154.0,21634.0,22434.0,2842.0,19503.0,2832.0,26.7,33.1
MUESTRA_024,Grifo_2,20,23163.0,21633.0,22433.0,2864.0,19514.0,2806.0,26.7,32.6
MUESTRA_024,Grifo_2,21,23172.0,21638.0,22428.0,2864.0,19514.0,2812.0,26.7,32.6
MUESTRA_024,Grifo_2,22,23152.0,21633.0,22412.0,2835.0,19506.0,2827.0,26.8,32.7
MUESTRA_024,Grifo_2,23,23152.0,21637.0,22412.0,2872.0,19497.0,2818.0,26.8,32.7
MUESTRA_024,Grifo_2,24,23168.0,21643.0,22421.0,2844.0,19506.0,2828.0,26.7,32.7
MUESTRA_024,Grifo_2,25,23167.0,21647.0,22406.0,2863.0,19500.0,2811.0,26.7,32.7
MUESTRA_024,Grifo_2,26,23149.0,21636.0,22427.0,2859.0,19504.0,2819.0,26.7,32.7
MUESTRA_024,Grifo_2,27,23158.0,21642.0,22416.0,2842.0,19509.0,2824.0,26.7,32.7
MUESTRA_024,Grifo_2,28,23177.0,21655.0,22405.0,2850.0,19506.0,2831.0,26.7,32.7
MUESTRA_024,Grifo_2,29,23164.0,21634.0,22400.0,2861.0,19490.0,2805.0,26.7,32.7
MUESTRA_024,Grifo_2,30,23151.0,21631.0,22394.0,2853.0,19498.0,2807.0,26.8,32.7
MUESTRA_025,Grifo_2,1,23151.0,21627.0,22402.0,2854.0,19497.0,2811.0,26.8,32.7
MUESTRA_025,Grifo_2,2,23149.0,21636.0,22403.0,2859.0,19505.0,2806.0,26.8,32.7
MUESTRA_025,Grifo_2,3,23159.0,21634.0,22397.0,2837.0,19497.0,2824.0,26.8,32.7
MUESTRA_025,Grifo_2,4,23158.0,21651.0,22398.0,2843.0,19498.0,2833.0,26.8,32.7
MUESTRA_025,Grifo_2,5,23175.0,21655.0,22378.0,2862.0,19500.0,2807.0,26.8,32.7
MUESTRA_025,Grifo_2,6,23153.0,21634.0,22376.0,2837.0,19502.0,2827.0,26.8,32.7
MUESTRA_025,Grifo_2,7,23158.0,21655.0,22373.0,2847.0,19494.0,2835.0,26.8,32.7
MUESTRA_025,Grifo_2,8,23156.0,21656.0,22382.0,2845.0,19494.0,2830.0,26.8,32.7
MUESTRA_025,Grifo_2,9,23137.0,21648.0,22373.0,2843.0,19502.0,2817.0,26.8,32.7
MUESTRA_025,Grifo_2,10,23171.0,21661.0,22385.0,2856.0,19510.0,2804.0,26.8,32.7
MUESTRA_025,Grifo_2,11,23149.0,21635.0,22376.0,2835.0,19511.0,2835.0,26.8,32.7
MUESTRA_025,Grifo_2,12,23145.0,21638.0,22372.0,2836.0,19502.0,2842.0,26.8,32.7
MUESTRA_025,Grifo_2,13,23149.0,21639.0,22362.0,2865.0,19493.0,2810.0,26.8,32.7
MUESTRA_025,Grifo_2,14,23156.0,21650.0,22355.0,2854.0,19500.0,2806.0,26.8,32.7
MUESTRA_025,Grifo_2,15,23146.0,21643.0,22358.0,2852.0,19498.0,2828.0,26.8,32.7
MUESTRA_025,Grifo_2,16,23147.0,21627.0,22351.0,2857.0,19474.0,2797.0,26.8,32.7
MUESTRA_025,Grifo_2,17,23159.0,21625.0,22383.0,2859.0,19493.0,2803.0,26.8,32.7
MUESTRA_025,Grifo_2,18,23137.0,21631.0,22366.0,2854.0,19477.0,2832.0,26.8,32.7
MUESTRA_025,Grifo_2,19,23141.0,21624.0,22379.0,2847.0,19477.0,2821.0,26.8,32.7
MUESTRA_025,Grifo_2,20,23162.0,21655.0,22383.0,2858.0,19494.0,2814.0,26.8,32.8
MUESTRA_025,Grifo_2,21,23147.0,21650.0,22384.0,2849.0,19491.0,2804.0,26.8,32.8
MUESTRA_025,Grifo_2,22,23145.0,21644.0,22385.0,2857.0,19489.0,2822.0,26.8,32.8
MUESTRA_025,Grifo_2,23,23159.0,21630.0,22412.0,2847.0,19495.0,2793.0,26.8,32.8
MUESTRA_025,Grifo_2,24,23163.0,21649.0,22380.0,2838.0,19491.0,2825.0,26.8,32.8
MUESTRA_025,Grifo_2,25,23151.0,21631.0,22396.0,2850.0,19479.0,2820.0,26.8,32.8
MUESTRA_025,Grifo_2,26,23160.0,21648.0,22413.0,2850.0,19489.0,2813.0,26.8,32.8
MUESTRA_025,Grifo_2,27,23143.0,21636.0,22414.0,2834.0,19489.0,2818.0,26.8,32.8
MUESTRA_025,Grifo_2,28,23124.0,21627.0,22422.0,2846.0,19486.0,2832.0,26.8,32.8
MUESTRA_025,Grifo_2,29,23133.0,21622.0,22398.0,2858.0,19495.0,2809.0,26.8,32.8
MUESTRA_025,Grifo_2,30,23131.0,21628.0,22393.0,2831.0,19505.0,2819.0,26.8,32.8
MUESTRA_026,Grifo_2,1,23136.0,21641.0,22398.0,2849.0,19505.0,2828.0,26.8,32.8
MUESTRA_026,Grifo_2,2,23149.0,21643.0,22400.0,2843.0,19481.0,2828.0,26.8,32.8
MUESTRA_026,Grifo_2,3,23132.0,21625.0,22403.0,2844.0,19482.0,2817.0,26.8,32.8
MUESTRA_026,Grifo_2,4,23146.0,21637.0,22403.0,2843.0,19472.0,2824.0,26.8,32.8
MUESTRA_026,Grifo_2,5,23144.0,21636.0,22400.0,2853.0,19483.0,2803.0,26.8,32.8
MUESTRA_026,Grifo_2,6,23133.0,21631.0,22401.0,2842.0,19474.0,2818.0,26.8,32.8
MUESTRA_026,Grifo_2,7,23155.0,21642.0,22415.0,2848.0,19481.0,2824.0,26.8,32.8
MUESTRA_026,Grifo_2,8,23146.0,21631.0,22419.0,2858.0,19491.0,2817.0,26.8,32.7
MUESTRA_026,Grifo_2,9,23153.0,21656.0,22416.0,2842.0,19499.0,2808.0,26.8,32.7
MUESTRA_026,Grifo_2,10,23143.0,21648.0,22392.0,2851.0,19513.0,2819.0,26.8,32.8
MUESTRA_026,Grifo_2,11,23152.0,21650.0,22391.0,2834.0,19493.0,2824.0,26.8,32.8
MUESTRA_026,Grifo_2,12,23154.0,21634.0,22395.0,2830.0,19492.0,2823.0,26.8,32.8
MUESTRA_026,Grifo_2,13,23152.0,21645.0,22405.0,2852.0,19495.0,2799.0,26.8,32.8
MUESTRA_026,Grifo_2,14,23145.0,21645.0,22384.0,2852.0,19481.0,2824.0,26.8,32.8
MUESTRA_026,Grifo_2,15,23144.0,21639.0,22400.0,2844.0,19483.0,2807.0,26.8,32.8
MUESTRA_026,Grifo_2,16,23132.0,21626.0,22357.0,2856.0,19501.0,2818.0,26.8,32.8
MUESTRA_026,Grifo_2,17,23138.0,21635.0,22362.0,2851.0,19472.0,2802.0,26.8,32.8
MUESTRA_026,Grifo_2,18,23136.0,21639.0,22364.0,2832.0,19478.0,2821.0,26.9,32.8
MUESTRA_026,Grifo_2,19,23141.0,21620.0,22367.0,2839.0,19497.0,2823.0,26.9,32.8
MUESTRA_026,Grifo_2,20,23137.0,21628.0,22355.0,2864.0,19463.0,2802.0,26.9,32.8
MUESTRA_026,Grifo_2,21,23133.0,21623.0,22369.0,2839.0,19484.0,2824.0,26.9,32.8
MUESTRA_026,Grifo_2,22,23144.0,21622.0,22370.0,2853.0,19476.0,2800.0,26.9,32.8
MUESTRA_026,Grifo_2,23,23159.0,21641.0,22377.0,2857.0,19488.0,2794.0,26.9,32.8
MUESTRA_026,Grifo_2,24,23146.0,21624.0,22356.0,2857.0,19470.0,2799.0,26.9,32.8
MUESTRA_026,Grifo_2,25,23145.0,21624.0,22366.0,2840.0,19501.0,2826.0,26.9,32.8
MUESTRA_026,Grifo_2,26,23134.0,21632.0,22378.0,2830.0,19501.0,2815.0,26.9,32.9
MUESTRA_026,Grifo_2,27,23151.0,21626.0,22365.0,2854.0,19503.0,2798.0,26.9,32.9
MUESTRA_026,Grifo_2,28,23143.0,21624.0,22374.0,2836.0,19505.0,2824.0,26.9,32.9
MUESTRA_026,Grifo_2,29,23146.0,21642.0,22403.0,2838.0,19511.0,2815.0,26.9,32.9
MUESTRA_026,Grifo_2,30,23143.0,21617.0,22360.0,2849.0,19489.0,2819.0,26.9,32.9
MUESTRA_027,Grifo_2,1,23141.0,21616.0,22385.0,2850.0,19485.0,2804.0,26.9,32.9
MUESTRA_027,Grifo_2,2,23127.0,21621.0,22391.0,2838.0,19472.0,2823.0,26.9,32.9
MUESTRA_027,Grifo_2,3,23138.0,21611.0,22387.0,2841.0,19462.0,2821.0,26.9,32.9
MUESTRA_027,Grifo_2,4,23130.0,21622.0,22375.0,2852.0,19475.0,2802.0,26.9,32.8
MUESTRA_027,Grifo_2,5,23147.0,21614.0,22385.0,2853.0,19474.0,2794.0,26.9,32.8
MUESTRA_027,Grifo_2,6,23134.0,21623.0,22375.0,2853.0,19474.0,2809.0,26.9,32.8
MUESTRA_027,Grifo_2,7,23133.0,21616.0,22367.0,2844.0,19466.0,2830.0,26.9,32.8
MUESTRA_027,Grifo_2,8,23139.0,21637.0,22364.0,2828.0,19470.0,2818.0,26.9,32.8
MUESTRA_027,Grifo_2,9,23136.0,21633.0,22366.0,2854.0,19479.0,2817.0,26.9,32.8
MUESTRA_027,Grifo_2,10,23139.0,21624.0,22371.0,2847.0,19478.0,2792.0,26.9,32.8
MUESTRA_027,Grifo_2,11,23140.0,21625.0,22370.0,2844.0,19458.0,2821.0,26.9,32.8
MUESTRA_027,Grifo_2,12,23136.0,21618.0,22361.0,2854.0,19466.0,2807.0,26.9,32.8
MUESTRA_027,Grifo_2,13,23146.0,21628.0,22360.0,2847.0,19467.0,2797.0,26.9,32.8
MUESTRA_027,Grifo_2,14,23139.0,21620.0,22375.0,2835.0,19469.0,2823.0,26.9,32.8
MUESTRA_027,Grifo_2,15,23149.0,21622.0,22388.0,2842.0,19479.0,2829.0,26.9,32.8
MUESTRA_027,Grifo_2,16,23141.0,21630.0,22379.0,2848.0,19480.0,2810.0,26.9,32.9
MUESTRA_027,Grifo_2,17,23138.0,21626.0,22368.0,2830.0,19478.0,2821.0,26.9,32.9
MUESTRA_027,Grifo_2,18,23150.0,21638.0,22367.0,2835.0,19470.0,2827.0,26.9,32.8
MUESTRA_027,Grifo_2,19,23143.0,21631.0,22401.0,2856.0,19485.0,2811.0,26.9,32.8
MUESTRA_027,Grifo_2,20,23138.0,21641.0,22402.0,2827.0,19492.0,2813.0,26.9,32.8
MUESTRA_027,Grifo_2,21,23155.0,21630.0,22370.0,2846.0,19474.0,2799.0,26.9,32.8
MUESTRA_027,Grifo_2,22,23139.0,21628.0,22382.0,2839.0,19479.0,2821.0,27.0,32.9
MUESTRA_027,Grifo_2,23,23148.0,21623.0,22384.0,2845.0,19482.0,2810.0,27.0,32.9
MUESTRA_027,Grifo_2,24,23144.0,21614.0,22387.0,2849.0,19472.0,2793.0,26.9,32.8
MUESTRA_027,Grifo_2,25,23147.0,21630.0,22384.0,2831.0,19478.0,2819.0,26.9,32.8
MUESTRA_027,Grifo_2,26,23137.0,21611.0,22375.0,2844.0,19483.0,2821.0,26.9,32.8
MUESTRA_027,Grifo_2,27,23141.0,21623.0,22379.0,2847.0,19473.0,2811.0,26.9,32.8
MUESTRA_027,Grifo_2,28,23141.0,21613.0,22374.0,2857.0,19471.0,2795.0,26.9,32.8
MUESTRA_027,Grifo_2,29,23145.0,21624.0,22363.0,2851.0,19500.0,2807.0,26.9,32.8
MUESTRA_027,Grifo_2,30,23139.0,21616.0,22376.0,2853.0,19466.0,2809.0,26.9,32.8
MUESTRA_028,Grifo_2,1,23154.0,21623.0,22378.0,2853.0,19476.0,2789.0,26.9,32.8
MUESTRA_028,Grifo_2,2,23147.0,21613.0,22369.0,2831.0,19473.0,2822.0,27.0,32.9
MUESTRA_028,Grifo_2,3,23133.0,21623.0,22379.0,2823.0,19478.0,2829.0,27.0,32.9
MUESTRA_028,Grifo_2,4,23145.0,21623.0,22374.0,2845.0,19508.0,2797.0,27.0,32.8
MUESTRA_028,Grifo_2,5,23133.0,21609.0,22383.0,2836.0,19471.0,2823.0,27.0,32.8
MUESTRA_028,Grifo_2,6,23141.0,21619.0,22385.0,2845.0,19482.0,2815.0,27.0,32.8
MUESTRA_028,Grifo_2,7,23151.0,21628.0,22390.0,2854.0,19479.0,2796.0,27.0,32.8
MUESTRA_028,Grifo_2,8,23161.0,21621.0,22404.0,2856.0,19485.0,2788.0,27.0,32.8
MUESTRA_028,Grifo_2,9,23148.0,21619.0,22390.0,2853.0,19479.0,2797.0,27.0,32.8
MUESTRA_028,Grifo_2,10,23143.0,21617.0,22392.0,2850.0,19480.0,2814.0,27.0,32.8
MUESTRA_028,Grifo_2,11,23150.0,21622.0,22394.0,2850.0,19480.0,2792.0,27.0,32.8
MUESTRA_028,Grifo_2,12,23153.0,21611.0,22388.0,2842.0,19474.0,2799.0,27.0,32.8
MUESTRA_028,Grifo_2,13,23150.0,21622.0,22401.0,2835.0,19489.0,2817.0,27.0,32.8
MUESTRA_028,Grifo_2,14,23164.0,21627.0,22388.0,2837.0,19496.0,2819.0,27.0,32.8
MUESTRA_028,Grifo_2,15,23150.0,21630.0,22394.0,2850.0,19505.0,2792.0,27.0,32.8
MUESTRA_028,Grifo_2,16,23149.0,21616.0,22384.0,2845.0,19470.0,2786.0,27.0,32.8
MUESTRA_028,Grifo_2,17,23141.0,21605.0,22390.0,2835.0,19476.0,2811.0,27.0,32.8
MUESTRA_028,Grifo_2,18,23127.0,21602.0,22378.0,2833.0,19469.0,2815.0,27.0,32.8
MUESTRA_028,Grifo_2,19,23129.0,21598.0,22378.0,2826.0,19496.0,2814.0,27.0,32.8
MUESTRA_028,Grifo_2,20,23151.0,21621.0,22409.0,2855.0,19484.0,2786.0,27.0,32.8
MUESTRA_028,Grifo_2,21,23139.0,21609.0,22384.0,2841.0,19464.0,2814.0,27.0,32.8
MUESTRA_028,Grifo_2,22,23131.0,21585.0,22381.0,2844.0,19460.0,2789.0,27.0,32.8
MUESTRA_028,Grifo_2,23,23136.0,21613.0,22385.0,2832.0,19466.0,2833.0,27.0,32.8
MUESTRA_028,Grifo_2,24,23128.0,21605.0,22392.0,2844.0,19472.0,2795.0,27.0,32.9
MUESTRA_028,Grifo_2,25,23146.0,21600.0,22389.0,2848.0,19467.0,2812.0,27.0,32.9
MUESTRA_028,Grifo_2,26,23153.0,21620.0,22403.0,2847.0,19482.0,2789.0,27.0,32.9
MUESTRA_028,Grifo_2,27,23141.0,21611.0,22391.0,2836.0,19489.0,2820.0,27.0,32.9
MUESTRA_028,Grifo_2,28,23137.0,21602.0,22390.0,2842.0,19482.0,2818.0,27.0,32.8
MUESTRA_028,Grifo_2,29,23134.0,21588.0,22385.0,2848.0,19476.0,2790.0,27.0,32.8
MUESTRA_028,Grifo_2,30,23155.0,21627.0,22408.0,2830.0,19491.0,2822.0,27.0,32.9
MUESTRA_029,Grifo_2,1,23151.0,21602.0,22400.0,2823.0,19484.0,2811.0,27.0,32.9
MUESTRA_029,Grifo_2,2,23149.0,21605.0,22395.0,2838.0,19487.0,2794.0,27.1,32.8
MUESTRA_029,Grifo_2,3,23146.0,21610.0,22403.0,2839.0,19482.0,2803.0,27.1,32.8
MUESTRA_029,Grifo_2,4,23140.0,21604.0,22387.0,2825.0,19503.0,2826.0,27.1,32.9
MUESTRA_029,Grifo_2,5,23134.0,21600.0,22395.0,2838.0,19494.0,2816.0,27.1,32.9
MUESTRA_029,Grifo_2,6,23142.0,21598.0,22391.0,2846.0,19493.0,2799.0,27.1,32.9
MUESTRA_029,Grifo_2,7,23151.0,21601.0,22399.0,2840.0,19497.0,2803.0,27.1,32.9
MUESTRA_029,Grifo_2,8,23146.0,21591.0,22429.0,2822.0,19508.0,2809.0,27.1,32.9
MUESTRA_029,Grifo_2,9,23144.0,21596.0,22426.0,2850.0,19506.0,2798.0,27.1,32.9
MUESTRA_029,Grifo_2,10,23135.0,21598.0,22418.0,2846.0,19493.0,2790.0,27.0,32.9
MUESTRA_029,Grifo_2,11,23132.0,21583.0,22421.0,2825.0,19486.0,2816.0,27.0,32.9
MUESTRA_029,Grifo_2,12,23132.0,21591.0,22408.0,2855.0,19482.0,2785.0,27.1,32.9
MUESTRA_029,Grifo_2,13,23147.0,21590.0,22408.0,2841.0,19500.0,2801.0,27.1,32.9
MUESTRA_029,Grifo_2,14,23135.0,21588.0,22400.0,2849.0,19481.0,2805.0,27.0,32.9
MUESTRA_029,Grifo_2,15,23140.0,21595.0,22414.0,2848.0,19500.0,2792.0,27.0,32.9
MUESTRA_029,Grifo_2,16,23143.0,21604.0,22412.0,2845.0,19500.0,2791.0,27.0,32.9
MUESTRA_029,Grifo_2,17,23135.0,21589.0,22421.0,2841.0,19468.0,2820.0,27.0,32.9
MUESTRA_029,Grifo_2,18,23137.0,21592.0,22404.0,2844.0,19466.0,2822.0,27.1,32.9
MUESTRA_029,Grifo_2,19,23141.0,21586.0,22406.0,2837.0,19474.0,2804.0,27.1,32.9
MUESTRA_029,Grifo_2,20,23149.0,21596.0,22421.0,2840.0,19485.0,2819.0,27.1,33.0
MUESTRA_029,Grifo_2,21,23144.0,21612.0,22402.0,2838.0,19477.0,2817.0,27.1,33.0
MUESTRA_029,Grifo_2,22,23146.0,21597.0,22410.0,2849.0,19476.0,2788.0,27.1,33.4
MUESTRA_029,Grifo_2,23,23144.0,21585.0,22399.0,2840.0,19469.0,2792.0,27.1,33.4
MUESTRA_029,Grifo_2,24,23143.0,21589.0,22396.0,2830.0,19461.0,2820.0,27.1,32.9
MUESTRA_029,Grifo_2,25,23156.0,21605.0,22413.0,2830.0,19472.0,2818.0,27.1,32.9
MUESTRA_029,Grifo_2,26,23139.0,21598.0,22419.0,2849.0,19491.0,2792.0,27.1,33.0
MUESTRA_029,Grifo_2,27,23142.0,21584.0,22414.0,2826.0,19469.0,2815.0,27.1,33.0
MUESTRA_029,Grifo_2,28,23159.0,21601.0,22425.0,2842.0,19486.0,2792.0,27.1,33.0
MUESTRA_029,Grifo_2,29,23136.0,21588.0,22423.0,2830.0,19492.0,2818.0,27.1,33.0
MUESTRA_029,Grifo_2,30,23156.0,21593.0,22421.0,2827.0,19486.0,2824.0,27.1,33.0
MUESTRA_030,Grifo_2,1,23150.0,21597.0,22415.0,2844.0,19495.0,2794.0,27.1,33.0
MUESTRA_030,Grifo_2,2,23160.0,21601.0,22427.0,2827.0,19496.0,2818.0,27.1,33.0
MUESTRA_030,Grifo_2,3,23165.0,21611.0,22425.0,2819.0,19491.0,2819.0,27.1,33.0
MUESTRA_030,Grifo_2,4,23155.0,21602.0,22421.0,2853.0,19486.0,2792.0,27.1,33.0
MUESTRA_030,Grifo_2,5,23166.0,21611.0,22426.0,2828.0,19494.0,2823.0,27.1,33.0
MUESTRA_030,Grifo_2,6,23174.0,21610.0,22422.0,2837.0,19495.0,2812.0,27.1,33.0
MUESTRA_030,Grifo_2,7,23169.0,21599.0,22416.0,2841.0,19484.0,2819.0,27.1,33.0
MUESTRA_030,Grifo_2,8,23170.0,21605.0,22408.0,2848.0,19480.0,2793.0,27.1,33.0
MUESTRA_030,Grifo_2,9,23158.0,21602.0,22411.0,2830.0,19486.0,2814.0,27.1,33.0
MUESTRA_030,Grifo_2,10,23168.0,21609.0,22411.0,2834.0,19495.0,2818.0,27.1,33.0
MUESTRA_030,Grifo_2,11,23157.0,21604.0,22407.0,2838.0,19482.0,2800.0,27.1,33.0
MUESTRA_030,Grifo_2,12,23147.0,21584.0,22404.0,2849.0,19484.0,2790.0,27.1,33.0
MUESTRA_030,Grifo_2,13,23162.0,21606.0,22407.0,2838.0,19486.0,2827.0,27.1,33.0
MUESTRA_030,Grifo_2,14,23152.0,21600.0,22386.0,2826.0,19480.0,2813.0,27.1,33.0
MUESTRA_030,Grifo_2,15,23146.0,21586.0,22394.0,2833.0,19479.0,2814.0,27.1,33.0
MUESTRA_030,Grifo_2,16,23149.0,21591.0,22404.0,2852.0,19488.0,2798.0,27.1,33.0
MUESTRA_030,Grifo_2,17,23152.0,21599.0,22406.0,2840.0,19481.0,2803.0,27.1,33.0
MUESTRA_030,Grifo_2,18,23152.0,21597.0,22408.0,2851.0,19499.0,2796.0,27.1,32.9
MUESTRA_030,Grifo_2,19,23163.0,21600.0,22420.0,2850.0,19494.0,2789.0,27.1,32.9
MUESTRA_030,Grifo_2,20,23165.0,21601.0,22419.0,2839.0,19486.0,2816.0,27.1,33.0
MUESTRA_030,Grifo_2,21,23149.0,21602.0,22406.0,2839.0,19486.0,2816.0,27.1,33.0
MUESTRA_030,Grifo_2,22,23164.0,21610.0,22417.0,2835.0,19496.0,2796.0,27.2,33.0
MUESTRA_030,Grifo_2,23,23149.0,21606.0,22412.0,2841.0,19485.0,2793.0,27.2,33.0
MUESTRA_030,Grifo_2,24,23156.0,21595.0,22401.0,2854.0,19489.0,2789.0,27.2,33.0
MUESTRA_030,Grifo_2,25,23131.0,21585.0,22396.0,2845.0,19473.0,2786.0,27.2,33.0
MUESTRA_030,Grifo_2,26,23144.0,21586.0,22413.0,2846.0,19490.0,2790.0,27.2,33.0
MUESTRA_030,Grifo_2,27,23148.0,21591.0,22404.0,2840.0,19482.0,2816.0,27.2,33.0
MUESTRA_030,Grifo_2,28,23151.0,21584.0,22408.0,2841.0,19482.0,2792.0,27.2,33.0
MUESTRA_030,Grifo_2,29,23140.0,21588.0,22404.0,2833.0,19485.0,2796.0,27.2,33.0
MUESTRA_030,Grifo_2,30,23144.0,21585.0,22395.0,2830.0,19481.0,2817.0,27.2,33.0
MUESTRA_031,Grifo_2,1,23153.0,21605.0,22395.0,2838.0,19486.0,2817.0,27.2,33.0
MUESTRA_031,Grifo_2,2,23165.0,21602.0,22392.0,2846.0,19487.0,2794.0,27.2,33.0
MUESTRA_031,Grifo_2,3,23154.0,21597.0,22401.0,2840.0,19481.0,2789.0,27.2,33.0
MUESTRA_031,Grifo_2,4,23167.0,21597.0,22405.0,2827.0,19486.0,2817.0,27.2,33.0
MUESTRA_031,Grifo_2,5,23156.0,21613.0,22408.0,2834.0,19490.0,2815.0,27.2,33.0
MUESTRA_031,Grifo_2,6,23150.0,21604.0,22398.0,2845.0,19479.0,2793.0,27.2,33.0
MUESTRA_031,Grifo_2,7,23158.0,21595.0,22409.0,2830.0,19489.0,2806.0,27.2,33.0
MUESTRA_031,Grifo_2,8,23131.0,21598.0,22413.0,2825.0,19494.0,2818.0,27.2,33.0
MUESTRA_031,Grifo_2,9,23147.0,21592.0,22398.0,2832.0,19466.0,2817.0,27.2,33.0
MUESTRA_031,Grifo_2,10,23143.0,21584.0,22400.0,2847.0,19476.0,2784.0,27.2,33.1
MUESTRA_031,Grifo_2,11,23140.0,21591.0,22410.0,2824.0,19481.0,2808.0,27.2,33.1
MUESTRA_031,Grifo_2,12,23153.0,21602.0,22405.0,2833.0,19479.0,2795.0,27.2,33.1
MUESTRA_031,Grifo_2,13,23158.0,21615.0,22412.0,2831.0,19482.0,2812.0,27.2,33.1
MUESTRA_031,Grifo_2,14,23155.0,21595.0,22394.0,2847.0,19488.0,2787.0,27.2,33.1
MUESTRA_031,Grifo_2,15,23156.0,21587.0,22402.0,2846.0,19477.0,2790.0,27.2,33.1
MUESTRA_031,Grifo_2,16,23169.0,21611.0,22394.0,2826.0,19486.0,2817.0,27.2,33.0
MUESTRA_031,Grifo_2,17,23152.0,21597.0,22390.0,2825.0,19480.0,2815.0,27.2,33.0
MUESTRA_031,Grifo_2,18,23147.0,21598.0,22397.0,2849.0,19489.0,2789.0,27.2,33.1
MUESTRA_031,Grifo_2,19,23147.0,21594.0,22376.0,2835.0,19484.0,2796.0,27.2,33.1
MUESTRA_031,Grifo_2,20,23145.0,21589.0,22363.0,2850.0,19480.0,2795.0,27.2,33.1
MUESTRA_031,Grifo_2,21,23139.0,21586.0,22345.0,2842.0,19476.0,2809.0,27.2,33.1
MUESTRA_031,Grifo_2,22,23141.0,21588.0,22357.0,2842.0,19474.0,2783.0,27.2,33.1
MUESTRA_031,Grifo_2,23,23131.0,21587.0,22360.0,2822.0,19469.0,2814.0,27.2,33.1
MUESTRA_031,Grifo_2,24,23140.0,21587.0,22366.0,2826.0,19461.0,2812.0,27.2,33.1
MUESTRA_031,Grifo_2,25,23140.0,21593.0,22363.0,2828.0,19463.0,2810.0,27.2,33.1
MUESTRA_031,Grifo_2,26,23121.0,21563.0,22361.0,2837.0,19465.0,2816.0,27.2,33.1
MUESTRA_031,Grifo_2,27,23146.0,21592.0,22378.0,2847.0,19469.0,2783.0,27.2,33.1
MUESTRA_031,Grifo_2,28,23126.0,21576.0,22374.0,2834.0,19464.0,2820.0,27.2,33.1
MUESTRA_031,Grifo_2,29,23145.0,21594.0,22364.0,2839.0,19473.0,2809.0,27.2,33.1
MUESTRA_031,Grifo_2,30,23163.0,21606.0,22374.0,2828.0,19482.0,2803.0,27.2,33.2
MUESTRA_032,Grifo_2,1,23136.0,21580.0,22371.0,2839.0,19475.0,2796.0,27.2,33.2
MUESTRA_032,Grifo_2,2,23153.0,21566.0,22373.0,2827.0,19465.0,2805.0,27.2,33.1
MUESTRA_032,Grifo_2,3,23136.0,21577.0,22357.0,2850.0,19469.0,2791.0,27.2,33.1
MUESTRA_032,Grifo_2,4,23151.0,21585.0,22380.0,2826.0,19475.0,2797.0,27.3,33.4
MUESTRA_032,Grifo_2,5,23150.0,21572.0,22389.0,2840.0,19489.0,2785.0,27.3,33.4
MUESTRA_032,Grifo_2,6,23134.0,21580.0,22368.0,2845.0,19477.0,2804.0,27.3,33.2
MUESTRA_032,Grifo_2,7,23156.0,21594.0,22383.0,2842.0,19476.0,2799.0,27.3,33.2
MUESTRA_032,Grifo_2,8,23148.0,21588.0,22391.0,2824.0,19488.0,2817.0,27.2,33.2
MUESTRA_032,Grifo_2,9,23161.0,21583.0,22405.0,2848.0,19492.0,2795.0,27.2,33.2
MUESTRA_032,Grifo_2,10,23147.0,21591.0,22389.0,2836.0,19480.0,2815.0,27.3,33.2
MUESTRA_032,Grifo_2,11,23153.0,21580.0,22403.0,2827.0,19487.0,2818.0,27.3,33.2
MUESTRA_032,Grifo_2,12,23151.0,21590.0,22404.0,2846.0,19489.0,2809.0,27.3,33.2
MUESTRA_032,Grifo_2,13,23154.0,21582.0,22395.0,2849.0,19482.0,2794.0,27.3,33.2
MUESTRA_032,Grifo_2,14,23151.0,21592.0,22412.0,2838.0,19485.0,2802.0,27.3,33.2
MUESTRA_032,Grifo_2,15,23145.0,21590.0,22395.0,2834.0,19481.0,2816.0,27.3,33.2
MUESTRA_032,Grifo_2,16,23127.0,21567.0,22386.0,2841.0,19472.0,2790.0,27.3,33.2
MUESTRA_032,Grifo_2,17,23147.0,21575.0,22392.0,2849.0,19474.0,2785.0,27.3,33.2
MUESTRA_032,Grifo_2,18,23142.0,21575.0,22390.0,2820.0,19474.0,2804.0,27.3,33.1
MUESTRA_032,Grifo_2,19,23142.0,21576.0,22374.0,2825.0,19462.0,2804.0,27.3,33.1
MUESTRA_032,Grifo_2,20,23141.0,21571.0,22388.0,2821.0,19477.0,2801.0,27.3,33.2
MUESTRA_032,Grifo_2,21,23142.0,21578.0,22386.0,2834.0,19472.0,2793.0,27.3,33.2
MUESTRA_032,Grifo_2,22,23149.0,21590.0,22386.0,2836.0,19478.0,2796.0,27.3,33.2
MUESTRA_032,Grifo_2,23,23150.0,21587.0,22397.0,2834.0,19491.0,2804.0,27.3,33.2
MUESTRA_032,Grifo_2,24,23147.0,21574.0,22383.0,2842.0,19468.0,2781.0,27.3,33.2
MUESTRA_032,Grifo_2,25,23154.0,21585.0,22382.0,2840.0,19473.0,2791.0,27.3,33.2
MUESTRA_032,Grifo_2,26,23136.0,21578.0,22386.0,2816.0,19472.0,2814.0,27.3,33.2
MUESTRA_032,Grifo_2,27,23152.0,21595.0,22384.0,2827.0,19478.0,2812.0,27.3,33.2
MUESTRA_032,Grifo_2,28,23138.0,21579.0,22380.0,2842.0,19468.0,2784.0,27.3,33.2
MUESTRA_032,Grifo_2,29,23141.0,21568.0,22371.0,2841.0,19468.0,2795.0,27.3,33.2
MUESTRA_032,Grifo_2,30,23138.0,21576.0,22374.0,2840.0,19456.0,2800.0,27.3,33.3
MUESTRA_033,Grifo_2,1,23133.0,21571.0,22382.0,2818.0,19468.0,2814.0,27.3,33.3
MUESTRA_033,Grifo_2,2,23148.0,21589.0,22400.0,2849.0,19480.0,2784.0,27.3,33.3
MUESTRA_033,Grifo_2,3,23134.0,21568.0,22374.0,2832.0,19471.0,2799.0,27.3,33.3
MUESTRA_033,Grifo_2,4,23127.0,21571.0,22354.0,2828.0,19460.0,2809.0,27.3,33.3
MUESTRA_033,Grifo_2,5,23136.0,21572.0,22378.0,2821.0,19458.0,2817.0,27.3,33.3
MUESTRA_033,Grifo_2,6,23130.0,21578.0,22366.0,2841.0,19463.0,2784.0,27.3,33.3
MUESTRA_033,Grifo_2,7,23137.0,21567.0,22374.0,2829.0,19454.0,2797.0,27.3,33.3
MUESTRA_033,Grifo_2,8,23144.0,21572.0,22376.0,2833.0,19454.0,2815.0,27.3,33.3
MUESTRA_033,Grifo_2,9,23124.0,21564.0,22378.0,2829.0,19466.0,2803.0,27.3,33.3
MUESTRA_033,Grifo_2,10,23145.0,21565.0,22367.0,2844.0,19464.0,2783.0,27.3,33.3
MUESTRA_033,Grifo_2,11,23129.0,21550.0,22369.0,2831.0,19462.0,2817.0,27.3,33.3
MUESTRA_033,Grifo_2,12,23133.0,21560.0,22375.0,2851.0,19466.0,2787.0,27.3,33.4
MUESTRA_033,Grifo_2,13,23124.0,21566.0,22358.0,2849.0,19462.0,2796.0,27.3,33.4
MUESTRA_033,Grifo_2,14,23133.0,21561.0,22374.0,2829.0,19459.0,2795.0,27.3,33.4
MUESTRA_033,Grifo_2,15,23124.0,21564.0,22382.0,2832.0,19468.0,2819.0,27.3,33.4
MUESTRA_033,Grifo_2,16,23137.0,21581.0,22377.0,2843.0,19479.0,2806.0,27.3,33.4
MUESTRA_033,Grifo_2,17,23149.0,21580.0,22403.0,2840.0,19483.0,2789.0,27.3,33.4
MUESTRA_033,Grifo_2,18,23141.0,21571.0,22393.0,2825.0,19486.0,2804.0,27.3,33.4
MUESTRA_033,Grifo_2,19,23135.0,21584.0,22406.0,2837.0,19477.0,2786.0,27.3,33.4
MUESTRA_033,Grifo_2,20,23126.0,21565.0,22401.0,2831.0,19467.0,2807.0,27.3,33.4
MUESTRA_033,Grifo_2,21,23129.0,21565.0,22399.0,2847.0,19465.0,2804.0,27.3,33.4
MUESTRA_033,Grifo_2,22,23139.0,21578.0,22409.0,2836.0,19465.0,2790.0,27.3,33.4
MUESTRA_033,Grifo_2,23,23135.0,21560.0,22401.0,2844.0,19463.0,2792.0,27.3,33.4
MUESTRA_033,Grifo_2,24,23128.0,21562.0,22399.0,2826.0,19461.0,2815.0,27.3,33.4
MUESTRA_033,Grifo_2,25,23125.0,21553.0,22412.0,2836.0,19468.0,2820.0,27.3,33.4
MUESTRA_033,Grifo_2,26,23130.0,21561.0,22415.0,2834.0,19468.0,2788.0,27.3,33.5
MUESTRA_033,Grifo_2,27,23130.0,21572.0,22425.0,2820.0,19462.0,2814.0,27.3,33.5
MUESTRA_033,Grifo_2,28,23144.0,21558.0,22423.0,2843.0,19463.0,2786.0,27.3,33.5
MUESTRA_033,Grifo_2,29,23138.0,21557.0,22424.0,2838.0,19472.0,2786.0,27.3,33.5
MUESTRA_033,Grifo_2,30,23130.0,21558.0,22419.0,2838.0,19461.0,2792.0,27.3,33.4
MUESTRA_034,Grifo_2,1,23140.0,21556.0,22415.0,2848.0,19462.0,2783.0,27.3,33.4
MUESTRA_034,Grifo_2,2,23126.0,21544.0,22411.0,2827.0,19472.0,2796.0,27.3,33.5
MUESTRA_034,Grifo_2,3,23145.0,21557.0,22429.0,2817.0,19478.0,2799.0,27.3,33.5
MUESTRA_034,Grifo_2,4,23149.0,21550.0,22421.0,2841.0,19473.0,2787.0,27.3,33.5
MUESTRA_034,Grifo_2,5,23146.0,21567.0,22445.0,2842.0,19489.0,2792.0,27.3,33.5
MUESTRA_034,Grifo_2,6,23156.0,21565.0,22432.0,2846.0,19477.0,2798.0,27.3,33.5
MUESTRA_034,Grifo_2,7,23143.0,21558.0,22426.0,2840.0,19483.0,2781.0,27.3,33.5
MUESTRA_034,Grifo_2,8,23138.0,21564.0,22416.0,2837.0,19476.0,2794.0,27.4,33.5
MUESTRA_034,Grifo_2,9,23138.0,21554.0,22429.0,2827.0,19480.0,2792.0,27.4,33.5
MUESTRA_034,Grifo_2,10,23143.0,21556.0,22415.0,2841.0,19471.0,2801.0,27.3,33.5
MUESTRA_034,Grifo_2,11,23159.0,21576.0,22450.0,2842.0,19482.0,2775.0,27.3,33.5
MUESTRA_034,Grifo_2,12,23144.0,21565.0,22430.0,2824.0,19484.0,2802.0,27.4,33.6
MUESTRA_034,Grifo_2,13,23135.0,21563.0,22423.0,2831.0,19470.0,2814.0,27.4,33.6
MUESTRA_034,Grifo_2,14,23142.0,21567.0,22421.0,2830.0,19478.0,2808.0,27.4,33.6
MUESTRA_034,Grifo_2,15,23138.0,21563.0,22422.0,2818.0,19484.0,2814.0,27.4,33.6
MUESTRA_034,Grifo_2,16,23145.0,21557.0,22437.0,2827.0,19485.0,2814.0,27.3,33.6
MUESTRA_034,Grifo_2,17,23148.0,21568.0,22428.0,2843.0,19482.0,2784.0,27.3,33.6
MUESTRA_034,Grifo_2,18,23159.0,21568.0,22439.0,2849.0,19493.0,2773.0,27.4,33.6
MUESTRA_034,Grifo_2,19,23145.0,21558.0,22433.0,2833.0,19487.0,2814.0,27.4,33.6
MUESTRA_034,Grifo_2,20,23132.0,21551.0,22420.0,2841.0,19473.0,2797.0,27.4,33.5
MUESTRA_034,Grifo_2,21,23134.0,21564.0,22422.0,2824.0,19477.0,2796.0,27.4,33.5
MUESTRA_034,Grifo_2,22,23128.0,21549.0,22406.0,2844.0,19469.0,2791.0,27.4,33.6
MUESTRA_034,Grifo_2,23,23113.0,21556.0,22404.0,2834.0,19469.0,2791.0,27.4,33.6
MUESTRA_034,Grifo_2,24,23137.0,21563.0,22421.0,2824.0,19475.0,2813.0,27.3,33.6
MUESTRA_034,Grifo_2,25,23133.0,21554.0,22425.0,2841.0,19477.0,2791.0,27.3,33.6
MUESTRA_034,Grifo_2,26,23137.0,21550.0,22429.0,2836.0,19481.0,2779.0,27.4,33.6
MUESTRA_034,Grifo_2,27,23124.0,21559.0,22425.0,2835.0,19487.0,2778.0,27.4,33.6
MUESTRA_034,Grifo_2,28,23137.0,21551.0,22401.0,2819.0,19473.0,2815.0,27.4,33.6
MUESTRA_034,Grifo_2,29,23113.0,21550.0,22388.0,2841.0,19491.0,2787.0,27.4,33.6
MUESTRA_034,Grifo_2,30,23124.0,21552.0,22400.0,2832.0,19491.0,2816.0,27.4,33.6
MUESTRA_035,Grifo_3,1,22729.0,21958.0,22242.0,2904.0,19315.0,2877.0,23.3,38.2
MUESTRA_035,Grifo_3,2,22738.0,21952.0,22249.0,2917.0,19325.0,2861.0,23.3,38.2
MUESTRA_035,Grifo_3,3,22718.0,21948.0,22242.0,2901.0,19309.0,2878.0,23.3,38.0
MUESTRA_035,Grifo_3,4,22704.0,21944.0,22223.0,2899.0,19309.0,2883.0,23.3,38.0
MUESTRA_035,Grifo_3,5,22693.0,21951.0,22228.0,2898.0,19311.0,2864.0,23.3,37.8
MUESTRA_035,Grifo_3,6,22670.0,21957.0,22216.0,2911.0,19296.0,2868.0,23.3,37.8
MUESTRA_035,Grifo_3,7,22677.0,21953.0,22209.0,2895.0,19282.0,2868.0,23.4,37.6
MUESTRA_035,Grifo_3,8,22663.0,21958.0,22210.0,2898.0,19271.0,2878.0,23.4,37.6
MUESTRA_035,Grifo_3,9,22667.0,21971.0,22204.0,2899.0,19281.0,2886.0,23.4,37.4
MUESTRA_035,Grifo_3,10,22650.0,21959.0,22195.0,2902.0,19258.0,2871.0,23.4,37.4
MUESTRA_035,Grifo_3,11,22646.0,21968.0,22201.0,2897.0,19265.0,2874.0,23.4,37.1
MUESTRA_035,Grifo_3,12,22635.0,21957.0,22198.0,2914.0,19248.0,2861.0,23.4,37.1
MUESTRA_035,Grifo_3,13,22626.0,21956.0,22185.0,2904.0,19254.0,2860.0,23.4,36.9
MUESTRA_035,Grifo_3,14,22621.0,21949.0,22169.0,2890.0,19225.0,2881.0,23.4,36.9
MUESTRA_035,Grifo_3,15,22606.0,21945.0,22166.0,2904.0,19222.0,2876.0,23.5,36.7
MUESTRA_035,Grifo_3,16,22602.0,21946.0,22162.0,2907.0,19236.0,2858.0,23.5,36.7
MUESTRA_035,Grifo_3,17,22590.0,21951.0,22153.0,2895.0,19219.0,2869.0,23.5,36.5
MUESTRA_035,Grifo_3,18,22590.0,21946.0,22155.0,2896.0,19216.0,2874.0,23.5,36.5
MUESTRA_035,Grifo_3,19,22583.0,21964.0,22133.0,2899.0,19215.0,2875.0,23.5,36.3
MUESTRA_035,Grifo_3,20,22563.0,21953.0,22147.0,2891.0,19207.0,2884.0,23.5,36.3
MUESTRA_035,Grifo_3,21,22561.0,21947.0,22131.0,2900.0,19199.0,2860.0,23.5,36.1
MUESTRA_035,Grifo_3,22,22542.0,21947.0,22136.0,2899.0,19183.0,2869.0,23.5,36.1
MUESTRA_035,Grifo_3,23,22542.0,21940.0,22124.0,2905.0,19187.0,2855.0,23.6,35.9
MUESTRA_035,Grifo_3,24,22535.0,21953.0,22117.0,2897.0,19171.0,2875.0,23.6,35.9
MUESTRA_035,Grifo_3,25,22556.0,21958.0,22116.0,2893.0,19178.0,2874.0,23.6,35.6
MUESTRA_035,Grifo_3,26,22548.0,21948.0,22125.0,2905.0,19168.0,2851.0,23.6,35.6
MUESTRA_035,Grifo_3,27,22534.0,21949.0,22116.0,2891.0,19170.0,2870.0,23.6,35.5
MUESTRA_035,Grifo_3,28,22534.0,21949.0,22105.0,2890.0,19160.0,2879.0,23.6,35.5
MUESTRA_035,Grifo_3,29,22530.0,21946.0,22109.0,2896.0,19156.0,2863.0,23.6,35.3
MUESTRA_035,Grifo_3,30,22536.0,21958.0,22121.0,2891.0,19158.0,2873.0,23.6,35.3
MUESTRA_036,Grifo_3,1,22530.0,21955.0,22121.0,2903.0,19164.0,2858.0,23.7,35.1
MUESTRA_036,Grifo_3,2,22511.0,21943.0,22097.0,2891.0,19138.0,2878.0,23.7,35.1
MUESTRA_036,Grifo_3,3,22507.0,21943.0,22107.0,2886.0,19149.0,2874.0,23.7,34.9
MUESTRA_036,Grifo_3,4,22500.0,21937.0,22077.0,2895.0,19131.0,2858.0,23.7,34.9
MUESTRA_036,Grifo_3,5,22506.0,21938.0,22095.0,2902.0,19146.0,2847.0,23.7,34.7
MUESTRA_036,Grifo_3,6,22491.0,21941.0,22070.0,2893.0,19141.0,2856.0,23.7,34.7
MUESTRA_036,Grifo_3,7,22496.0,21953.0,22099.0,2884.0,19149.0,2863.0,23.7,34.5
MUESTRA_036,Grifo_3,8,22484.0,21951.0,22081.0,2905.0,19135.0,2851.0,23.7,34.5
MUESTRA_036,Grifo_3,9,22493.0,21943.0,22072.0,2906.0,19133.0,2849.0,23.7,34.4
MUESTRA_036,Grifo_3,10,22476.0,21943.0,22067.0,2891.0,19125.0,2869.0,23.7,34.4
MUESTRA_036,Grifo_3,11,22493.0,21945.0,22080.0,2898.0,19124.0,2862.0,23.8,34.3
MUESTRA_036,Grifo_3,12,22473.0,21926.0,22061.0,2900.0,19108.0,2837.0,23.8,34.3
MUESTRA_036,Grifo_3,13,22467.0,21945.0,22060.0,2886.0,19110.0,2858.0,23.8,34.1
MUESTRA_036,Grifo_3,14,22476.0,21941.0,22059.0,2898.0,19099.0,2864.0,23.8,34.1
MUESTRA_036,Grifo_3,15,22461.0,21952.0,22060.0,2885.0,19094.0,2869.0,23.8,34.0
MUESTRA_036,Grifo_3,16,22449.0,21944.0,22047.0,2884.0,19104.0,2872.0,23.8,34.0
MUESTRA_036,Grifo_3,17,22461.0,21932.0,22051.0,2886.0,19086.0,2876.0,23.8,33.8
MUESTRA_036,Grifo_3,18,22432.0,21924.0,22026.0,2885.0,19093.0,2868.0,23.8,33.8
MUESTRA_036,Grifo_3,19,22458.0,21937.0,22052.0,2904.0,19104.0,2848.0,23.9,33.7
MUESTRA_036,Grifo_3,20,22443.0,21938.0,22025.0,2884.0,19090.0,2865.0,23.9,33.7
MUESTRA_036,Grifo_3,21,22456.0,21953.0,22052.0,2889.0,19080.0,2872.0,23.9,33.5
MUESTRA_036,Grifo_3,22,22442.0,21943.0,22031.0,2893.0,19076.0,2856.0,23.9,33.5
MUESTRA_036,Grifo_3,23,22447.0,21945.0,22028.0,2883.0,19065.0,2865.0,23.9,33.5
MUESTRA_036,Grifo_3,24,22452.0,21942.0,22050.0,2884.0,18907.0,2864.0,23.9,33.5
MUESTRA_036,Grifo_3,25,22436.0,21954.0,22031.0,2894.0,18961.0,2868.0,23.9,33.3
MUESTRA_036,Grifo_3,26,22436.0,21928.0,22037.0,2893.0,18975.0,2847.0,23.9,33.3
MUESTRA_036,Grifo_3,27,22418.0,21932.0,22022.0,2874.0,18936.0,2873.0,23.9,33.2
MUESTRA_036,Grifo_3,28,22423.0,21924.0,22026.0,2885.0,18964.0,2855.0,23.9,33.2
MUESTRA_036,Grifo_3,29,22428.0,21939.0,22020.0,2886.0,18967.0,2870.0,24.0,33.1
MUESTRA_036,Grifo_3,30,22422.0,21935.0,22008.0,2887.0,18990.0,2845.0,24.0,33.1
MUESTRA_037,Grifo_3,1,22405.0,21936.0,22002.0,2877.0,18942.0,2872.0,24.0,32.9
MUESTRA_037,Grifo_3,2,22410.0,21931.0,22014.0,2885.0,19008.0,2869.0,24.0,32.9
MUESTRA_037,Grifo_3,3,22419.0,21926.0,22004.0,2900.0,18993.0,2854.0,24.0,32.8
MUESTRA_037,Grifo_3,4,22396.0,21937.0,22006.0,2880.0,19011.0,2870.0,24.0,32.8
MUESTRA_037,Grifo_3,5,22411.0,21932.0,22004.0,2880.0,19027.0,2869.0,24.0,32.7
MUESTRA_037,Grifo_3,6,22405.0,21931.0,21997.0,2889.0,19010.0,2840.0,24.0,32.7
MUESTRA_037,Grifo_3,7,22400.0,21931.0,22005.0,2896.0,19011.0,2858.0,24.1,32.6
MUESTRA_037,Grifo_3,8,22409.0,21930.0,21990.0,2901.0,19027.0,2855.0,24.1,32.6
MUESTRA_037,Grifo_3,9,22403.0,21932.0,21983.0,2888.0,19013.0,2841.0,24.1,32.5
MUESTRA_037,Grifo_3,10,22398.0,21936.0,22002.0,2889.0,19008.0,2840.0,24.1,32.5
MUESTRA_037,Grifo_3,11,22387.0,21926.0,22002.0,2895.0,18904.0,2847.0,24.1,32.3
MUESTRA_037,Grifo_3,12,22395.0,21934.0,21991.0,2888.0,18974.0,2844.0,24.1,32.3
MUESTRA_037,Grifo_3,13,22393.0,21932.0,21973.0,2878.0,19032.0,2857.0,24.1,32.3
MUESTRA_037,Grifo_3,14,22379.0,21930.0,21991.0,2878.0,18980.0,2848.0,24.1,32.3
MUESTRA_037,Grifo_3,15,22392.0,21939.0,21998.0,2888.0,19034.0,2846.0,24.1,32.2
MUESTRA_037,Grifo_3,16,22385.0,21926.0,21983.0,2879.0,19017.0,2863.0,24.1,32.2
MUESTRA_037,Grifo_3,17,22380.0,21932.0,21996.0,2880.0,19030.0,2857.0,24.1,32.1
MUESTRA_037,Grifo_3,18,22392.0,21940.0,21986.0,2899.0,19013.0,2849.0,24.1,32.1
MUESTRA_037,Grifo_3,19,22372.0,21927.0,21973.0,2891.0,19028.0,2834.0,24.2,32.0
MUESTRA_037,Grifo_3,20,22380.0,21935.0,21972.0,2894.0,19018.0,2841.0,24.2,32.0
MUESTRA_037,Grifo_3,21,22374.0,21927.0,21983.0,2871.0,19001.0,2866.0,24.2,32.0
MUESTRA_037,Grifo_3,22,22374.0,21923.0,21974.0,2884.0,19000.0,2846.0,24.2,32.0
MUESTRA_037,Grifo_3,23,22388.0,21937.0,21980.0,2899.0,18986.0,2837.0,24.2,31.9
MUESTRA_037,Grifo_3,24,22372.0,21919.0,21971.0,2886.0,18990.0,2849.0,24.2,31.9
MUESTRA_037,Grifo_3,25,22368.0,21934.0,21969.0,2877.0,19005.0,2867.0,24.2,31.8
MUESTRA_037,Grifo_3,26,22377.0,21925.0,21962.0,2888.0,19014.0,2848.0,24.2,31.8
MUESTRA_037,Grifo_3,27,22362.0,21923.0,21958.0,2875.0,19005.0,2857.0,24.2,31.7
MUESTRA_037,Grifo_3,28,22349.0,21910.0,21954.0,2888.0,19008.0,2859.0,24.2,31.7
MUESTRA_037,Grifo_3,29,22353.0,21912.0,21953.0,2879.0,18992.0,2847.0,24.3,31.6
MUESTRA_037,Grifo_3,30,22367.0,21923.0,21952.0,2872.0,19000.0,2866.0,24.3,31.6
MUESTRA_038,Grifo_3,1,22368.0,21925.0,21955.0,2883.0,19038.0,2841.0,24.3,31.5
MUESTRA_038,Grifo_3,2,22335.0,21910.0,21946.0,2889.0,19018.0,2837.0,24.3,31.5
MUESTRA_038,Grifo_3,3,22345.0,21904.0,21940.0,2875.0,19000.0,2857.0,24.3,31.4
MUESTRA_038,Grifo_3,4,22342.0,21914.0,21946.0,2873.0,18991.0,2846.0,24.3,31.4
MUESTRA_038,Grifo_3,5,22340.0,21910.0,21945.0,2895.0,18991.0,2831.0,24.3,31.4
MUESTRA_038,Grifo_3,6,22347.0,21907.0,21953.0,2885.0,18986.0,2842.0,24.3,31.4
MUESTRA_038,Grifo_3,7,22334.0,21903.0,21930.0,2891.0,19003.0,2851.0,24.3,31.3
MUESTRA_038,Grifo_3,8,22336.0,21906.0,21927.0,2874.0,18863.0,2863.0,24.3,31.3
MUESTRA_038,Grifo_3,9,22335.0,21914.0,21943.0,2889.0,19019.0,2828.0,24.4,31.3
MUESTRA_038,Grifo_3,10,22330.0,21904.0,21935.0,2886.0,19009.0,2825.0,24.4,31.3
MUESTRA_038,Grifo_3,11,22343.0,21909.0,21949.0,2874.0,18997.0,2856.0,24.4,31.2
MUESTRA_038,Grifo_3,12,22339.0,21914.0,21938.0,2873.0,19017.0,2854.0,24.4,31.2
MUESTRA_038,Grifo_3,13,22341.0,21914.0,21942.0,2888.0,18882.0,2832.0,24.4,31.2
MUESTRA_038,Grifo_3,14,22344.0,21919.0,21959.0,2871.0,19007.0,2864.0,24.4,31.2
MUESTRA_038,Grifo_3,15,22331.0,21908.0,21942.0,2872.0,18986.0,2854.0,24.4,31.0
MUESTRA_038,Grifo_3,16,22347.0,21905.0,21932.0,2884.0,19007.0,2833.0,24.4,31.0
MUESTRA_038,Grifo_3,17,22331.0,21915.0,21933.0,2879.0,19003.0,2846.0,24.4,31.0
MUESTRA_038,Grifo_3,18,22338.0,21888.0,21936.0,2885.0,18992.0,2835.0,24.4,31.0
MUESTRA_038,Grifo_3,19,22341.0,21901.0,21942.0,2885.0,19015.0,2836.0,24.4,31.0
MUESTRA_038,Grifo_3,20,22325.0,21888.0,21932.0,2876.0,19005.0,2851.0,24.4,31.0
MUESTRA_038,Grifo_3,21,22340.0,21904.0,21932.0,2881.0,19008.0,2833.0,24.4,30.8
MUESTRA_038,Grifo_3,22,22332.0,21887.0,21933.0,2868.0,19001.0,2851.0,24.4,30.8
MUESTRA_038,Grifo_3,23,22331.0,21899.0,21938.0,2880.0,19025.0,2840.0,24.5,30.8
MUESTRA_038,Grifo_3,24,22342.0,21890.0,21941.0,2881.0,19024.0,2850.0,24.5,30.8
MUESTRA_038,Grifo_3,25,22336.0,21904.0,21929.0,2879.0,19021.0,2837.0,24.5,30.7
MUESTRA_038,Grifo_3,26,22340.0,21892.0,21929.0,2877.0,19022.0,2835.0,24.5,30.7
MUESTRA_038,Grifo_3,27,22325.0,21880.0,21938.0,2875.0,19021.0,2863.0,24.5,30.7
MUESTRA_038,Grifo_3,28,22332.0,21889.0,21945.0,2877.0,19017.0,2853.0,24.5,30.7
MUESTRA_038,Grifo_3,29,22331.0,21873.0,21941.0,2887.0,19003.0,2822.0,24.5,30.7
MUESTRA_038,Grifo_3,30,22325.0,21888.0,21940.0,2879.0,19024.0,2827.0,24.5,30.7
MUESTRA_039,Grifo_3,1,22337.0,21889.0,21950.0,2888.0,19013.0,2830.0,24.5,30.6
MUESTRA_039,Grifo_3,2,22331.0,21891.0,21955.0,2883.0,19019.0,2842.0,24.5,30.6
MUESTRA_039,Grifo_3,3,22344.0,21887.0,21941.0,2880.0,19028.0,2836.0,24.5,30.6
MUESTRA_039,Grifo_3,4,22334.0,21875.0,21956.0,2868.0,19043.0,2854.0,24.5,30.6
MUESTRA_039,Grifo_3,5,22345.0,21887.0,21960.0,2863.0,18979.0,2851.0,24.5,30.5
MUESTRA_039,Grifo_3,6,22356.0,21901.0,21953.0,2881.0,18882.0,2824.0,24.5,30.5
MUESTRA_039,Grifo_3,7,22347.0,21894.0,21959.0,2884.0,18977.0,2842.0,24.5,30.5
MUESTRA_039,Grifo_3,8,22349.0,21900.0,21955.0,2872.0,19050.0,2851.0,24.5,30.5
MUESTRA_039,Grifo_3,9,22336.0,21878.0,21958.0,2863.0,19017.0,2861.0,24.6,30.4
MUESTRA_039,Grifo_3,10,22349.0,21891.0,21967.0,2877.0,19045.0,2847.0,24.6,30.4
MUESTRA_039,Grifo_3,11,22343.0,21882.0,21954.0,2864.0,19017.0,2857.0,24.6,30.4
MUESTRA_039,Grifo_3,12,22336.0,21890.0,21977.0,2866.0,19022.0,2833.0,24.6,30.4
MUESTRA_039,Grifo_3,13,22336.0,21879.0,21939.0,2864.0,18984.0,2840.0,24.6,30.3
MUESTRA_039,Grifo_3,14,22346.0,21881.0,21955.0,2861.0,18995.0,2859.0,24.6,30.3
MUESTRA_039,Grifo_3,15,22339.0,21877.0,21964.0,2869.0,19007.0,2855.0,24.6,30.3
MUESTRA_039,Grifo_3,16,22327.0,21865.0,21955.0,2868.0,19040.0,2843.0,24.6,30.3
MUESTRA_039,Grifo_3,17,22317.0,21873.0,21960.0,2867.0,19035.0,2846.0,24.6,30.3
MUESTRA_039,Grifo_3,18,22318.0,21863.0,21962.0,2888.0,19016.0,2832.0,24.6,30.3
MUESTRA_039,Grifo_3,19,22336.0,21859.0,21953.0,2873.0,19006.0,2830.0,24.6,30.2
MUESTRA_039,Grifo_3,20,22327.0,21863.0,21931.0,2886.0,18975.0,2831.0,24.6,30.2
MUESTRA_039,Grifo_3,21,22322.0,21853.0,21951.0,2870.0,19029.0,2839.0,24.7,30.2
MUESTRA_039,Grifo_3,22,22333.0,21876.0,21957.0,2878.0,19037.0,2836.0,24.7,30.2
MUESTRA_039,Grifo_3,23,22326.0,21849.0,21944.0,2860.0,19022.0,2851.0,24.7,30.2
MUESTRA_039,Grifo_3,24,22328.0,21861.0,21965.0,2865.0,19035.0,2841.0,24.7,30.2
MUESTRA_039,Grifo_3,25,22321.0,21855.0,21947.0,2869.0,19023.0,2841.0,24.7,30.1
MUESTRA_039,Grifo_3,26,22318.0,21855.0,21949.0,2876.0,18835.0,2858.0,24.7,30.1
MUESTRA_039,Grifo_3,27,22319.0,21854.0,21964.0,2887.0,18835.0,2827.0,24.7,30.1
MUESTRA_039,Grifo_3,28,22315.0,21849.0,21951.0,2891.0,19028.0,2826.0,24.7,30.1
MUESTRA_039,Grifo_3,29,22325.0,21859.0,21958.0,2873.0,18547.0,2853.0,24.7,30.1
MUESTRA_039,Grifo_3,30,22318.0,21840.0,21944.0,2875.0,18601.0,2832.0,24.7,30.1
MUESTRA_040,Grifo_3,1,22318.0,21859.0,21962.0,2884.0,19021.0,2825.0,24.7,30.1
MUESTRA_040,Grifo_3,2,22330.0,21863.0,21955.0,2877.0,19007.0,2831.0,24.7,30.1
MUESTRA_040,Grifo_3,3,22325.0,21852.0,21960.0,2879.0,18961.0,2832.0,24.8,30.0
MUESTRA_040,Grifo_3,4,22307.0,21855.0,21950.0,2864.0,18940.0,2854.0,24.8,30.0
MUESTRA_040,Grifo_3,5,22295.0,21842.0,21937.0,2861.0,18983.0,2836.0,24.8,30.0
MUESTRA_040,Grifo_3,6,22316.0,21844.0,21950.0,2878.0,18905.0,2851.0,24.8,30.0
MUESTRA_040,Grifo_3,7,22292.0,21834.0,21944.0,2870.0,19003.0,2834.0,24.8,30.0
MUESTRA_040,Grifo_3,8,22304.0,21833.0,21934.0,2881.0,19000.0,2829.0,24.8,30.0
MUESTRA_040,Grifo_3,9,22308.0,21832.0,21943.0,2879.0,19002.0,2852.0,24.8,29.9
MUESTRA_040,Grifo_3,10,22306.0,21847.0,21947.0,2871.0,18999.0,2855.0,24.8,29.9
MUESTRA_040,Grifo_3,11,22314.0,21844.0,21948.0,2881.0,19014.0,2846.0,24.8,29.9
MUESTRA_040,Grifo_3,12,22314.0,21845.0,21951.0,2869.0,19026.0,2850.0,24.8,29.9
MUESTRA_040,Grifo_3,13,22313.0,21852.0,21974.0,2884.0,19049.0,2830.0,24.8,29.9
MUESTRA_040,Grifo_3,14,22316.0,21844.0,21960.0,2883.0,19025.0,2826.0,24.8,29.9
MUESTRA_040,Grifo_3,15,22322.0,21856.0,21962.0,2871.0,19020.0,2845.0,24.8,29.8
MUESTRA_040,Grifo_3,16,22306.0,21850.0,21957.0,2874.0,19020.0,2848.0,24.8,29.8
MUESTRA_040,Grifo_3,17,22324.0,21857.0,21966.0,2877.0,19051.0,2841.0,24.9,29.8
MUESTRA_040,Grifo_3,18,22326.0,21849.0,21967.0,2882.0,18989.0,2835.0,24.9,29.8
MUESTRA_040,Grifo_3,19,22329.0,21849.0,21967.0,2876.0,19025.0,2833.0,24.9,29.8
MUESTRA_040,Grifo_3,20,22319.0,21841.0,21967.0,2866.0,19024.0,2852.0,24.9,29.8
MUESTRA_040,Grifo_3,21,22318.0,21860.0,21976.0,2862.0,19036.0,2840.0,24.9,29.7
MUESTRA_040,Grifo_3,22,22315.0,21847.0,21964.0,2868.0,19035.0,2851.0,24.9,29.7
MUESTRA_040,Grifo_3,23,22329.0,21850.0,21964.0,2879.0,19033.0,2827.0,24.9,29.7
MUESTRA_040,Grifo_3,24,22307.0,21853.0,21964.0,2865.0,18817.0,2856.0,24.9,29.7
MUESTRA_040,Grifo_3,25,22316.0,21857.0,21973.0,2854.0,19037.0,2846.0,24.9,29.7
MUESTRA_040,Grifo_3,26,22314.0,21855.0,21973.0,2860.0,19026.0,2844.0,24.9,29.7
MUESTRA_040,Grifo_3,27,22325.0,21848.0,21965.0,2875.0,19013.0,2841.0,24.9,29.7
MUESTRA_040,Grifo_3,28,22326.0,21863.0,21973.0,2880.0,19020.0,2828.0,24.9,29.7
MUESTRA_040,Grifo_3,29,22313.0,21859.0,21948.0,2857.0,18725.0,2849.0,24.9,29.7
MUESTRA_040,Grifo_3,30,22318.0,21849.0,21947.0,2863.0,18496.0,2835.0,24.9,29.7
MUESTRA_041,Grifo_3,1,22311.0,21851.0,21941.0,2880.0,18965.0,2822.0,24.9,29.6
MUESTRA_041,Grifo_3,2,22292.0,21848.0,21956.0,2873.0,18410.0,2844.0,24.9,29.6
MUESTRA_041,Grifo_3,3,22313.0,21840.0,21955.0,2862.0,18290.0,2860.0,25.0,29.6
MUESTRA_041,Grifo_3,4,22310.0,21859.0,21964.0,2863.0,19042.0,2850.0,25.0,29.6
MUESTRA_041,Grifo_3,5,22300.0,21843.0,21960.0,2870.0,18985.0,2824.0,25.0,29.6
MUESTRA_041,Grifo_3,6,22306.0,21842.0,21944.0,2867.0,19025.0,2845.0,25.0,29.6
MUESTRA_041,Grifo_3,7,22304.0,21856.0,21954.0,2872.0,19038.0,2828.0,25.0,29.6
MUESTRA_041,Grifo_3,8,22300.0,21846.0,21954.0,2860.0,19043.0,2852.0,25.0,29.6
MUESTRA_041,Grifo_3,9,22308.0,21862.0,21941.0,2868.0,19035.0,2827.0,25.0,29.6
MUESTRA_041,Grifo_3,10,22309.0,21828.0,21937.0,2875.0,19016.0,2832.0,25.0,29.6
MUESTRA_041,Grifo_3,11,22319.0,21853.0,21970.0,2860.0,19030.0,2850.0,25.0,29.5
MUESTRA_041,Grifo_3,12,22305.0,21830.0,21943.0,2868.0,19026.0,2834.0,25.0,29.5
MUESTRA_041,Grifo_3,13,22312.0,21842.0,21950.0,2881.0,18902.0,2821.0,25.0,29.5
MUESTRA_041,Grifo_3,14,22322.0,21842.0,21942.0,2864.0,17891.0,2834.0,25.0,29.5
MUESTRA_041,Grifo_3,15,22310.0,21819.0,21932.0,2878.0,17389.0,2822.0,25.0,29.5
MUESTRA_041,Grifo_3,16,22302.0,21825.0,21926.0,2881.0,17081.0,2813.0,25.0,29.5
MUESTRA_041,Grifo_3,17,22310.0,21842.0,21926.0,2882.0,16864.0,2821.0,25.0,29.4
MUESTRA_041,Grifo_3,18,22297.0,21838.0,21933.0,2866.0,16766.0,2832.0,25.0,29.4
MUESTRA_041,Grifo_3,19,22304.0,21836.0,21928.0,2874.0,16473.0,2844.0,25.1,29.5
MUESTRA_041,Grifo_3,20,22310.0,21837.0,21943.0,2871.0,16092.0,2839.0,25.1,29.5
MUESTRA_041,Grifo_3,21,22308.0,21836.0,21942.0,2867.0,15736.0,2838.0,25.1,29.4
MUESTRA_041,Grifo_3,22,22311.0,21839.0,21948.0,2875.0,15395.0,2827.0,25.1,29.4
MUESTRA_041,Grifo_3,23,22305.0,21848.0,21946.0,2864.0,15324.0,2845.0,25.1,29.4
MUESTRA_041,Grifo_3,24,22297.0,21839.0,21936.0,2864.0,19100.0,2837.0,25.1,29.4
MUESTRA_041,Grifo_3,25,22297.0,21841.0,21936.0,2880.0,19088.0,2818.0,25.1,29.4
MUESTRA_041,Grifo_3,26,22282.0,21834.0,21927.0,2862.0,19017.0,2842.0,25.1,29.4
MUESTRA_041,Grifo_3,27,22291.0,21831.0,21924.0,2876.0,19032.0,2832.0,25.1,29.3
MUESTRA_041,Grifo_3,28,22295.0,21842.0,21937.0,2868.0,19010.0,2829.0,25.1,29.3
MUESTRA_041,Grifo_3,29,22291.0,21850.0,21930.0,2866.0,18991.0,2835.0,25.1,29.3
MUESTRA_041,Grifo_3,30,22285.0,21828.0,21934.0,2860.0,18838.0,2843.0,25.1,29.3
MUESTRA_042,Grifo_3,1,22288.0,21826.0,21915.0,2870.0,18983.0,2813.0,25.1,29.3
MUESTRA_042,Grifo_3,2,22297.0,21831.0,21940.0,2856.0,18882.0,2844.0,25.1,29.3
MUESTRA_042,Grifo_3,3,22286.0,21830.0,21921.0,2858.0,18934.0,2831.0,25.1,29.2
MUESTRA_042,Grifo_3,4,22291.0,21827.0,21937.0,2882.0,18830.0,2816.0,25.1,29.2
MUESTRA_042,Grifo_3,5,22306.0,21829.0,21920.0,2866.0,18770.0,2826.0,25.2,29.3
MUESTRA_042,Grifo_3,6,22296.0,21839.0,21923.0,2867.0,18938.0,2844.0,25.2,29.3
MUESTRA_042,Grifo_3,7,22278.0,21821.0,21919.0,2854.0,18880.0,2839.0,25.2,29.2
MUESTRA_042,Grifo_3,8,22291.0,21846.0,21936.0,2871.0,18895.0,2844.0,25.2,29.2
MUESTRA_042,Grifo_3,9,22301.0,21829.0,21935.0,2875.0,18880.0,2818.0,25.2,29.2
MUESTRA_042,Grifo_3,10,22293.0,21842.0,21926.0,2855.0,18998.0,2846.0,25.2,29.2
MUESTRA_042,Grifo_3,11,22288.0,21838.0,21925.0,2874.0,19000.0,2814.0,25.2,29.1
MUESTRA_042,Grifo_3,12,22292.0,21838.0,21916.0,2868.0,18997.0,2818.0,25.2,29.1
MUESTRA_042,Grifo_3,13,22284.0,21825.0,21931.0,2861.0,18911.0,2839.0,25.2,29.1
MUESTRA_042,Grifo_3,14,22294.0,21835.0,21917.0,2869.0,18947.0,2851.0,25.2,29.1
MUESTRA_042,Grifo_3,15,22284.0,21819.0,21901.0,2871.0,18917.0,2831.0,25.2,29.1
MUESTRA_042,Grifo_3,16,22282.0,21827.0,21909.0,2862.0,18945.0,2821.0,25.2,29.1
MUESTRA_042,Grifo_3,17,22288.0,21819.0,21928.0,2865.0,18902.0,2842.0,25.2,29.1
MUESTRA_042,Grifo_3,18,22273.0,21816.0,21911.0,2875.0,18985.0,2810.0,25.2,29.1
MUESTRA_042,Grifo_3,19,22280.0,21832.0,21908.0,2868.0,18906.0,2825.0,25.2,29.1
MUESTRA_042,Grifo_3,20,22277.0,21818.0,21915.0,2867.0,18860.0,2844.0,25.2,29.1
MUESTRA_042,Grifo_3,21,22273.0,21807.0,21905.0,2881.0,18834.0,2834.0,25.2,29.1
MUESTRA_042,Grifo_3,22,22278.0,21814.0,21897.0,2877.0,18825.0,2818.0,25.2,29.1
MUESTRA_042,Grifo_3,23,22271.0,21818.0,21902.0,2866.0,18822.0,2847.0,25.3,29.1
MUESTRA_042,Grifo_3,24,22276.0,21805.0,21913.0,2872.0,18841.0,2810.0,25.3,29.1
MUESTRA_042,Grifo_3,25,22260.0,21822.0,21908.0,2861.0,18838.0,2842.0,25.3,29.1
MUESTRA_042,Grifo_3,26,22257.0,21813.0,21899.0,2857.0,18875.0,2833.0,25.3,29.1
MUESTRA_042,Grifo_3,27,22248.0,21805.0,21895.0,2869.0,18826.0,2842.0,25.3,29.0
MUESTRA_042,Grifo_3,28,22251.0,21809.0,21888.0,2850.0,18820.0,2848.0,25.3,29.0
MUESTRA_042,Grifo_3,29,22249.0,21803.0,21892.0,2876.0,17535.0,2816.0,25.3,29.0
MUESTRA_042,Grifo_3,30,22230.0,21792.0,21874.0,2867.0,18723.0,2821.0,25.3,29.0
MUESTRA_043,Grifo_3,1,22249.0,21808.0,21872.0,2879.0,18721.0,2810.0,25.3,29.0
MUESTRA_043,Grifo_3,2,22246.0,21802.0,21872.0,2868.0,18717.0,2829.0,25.3,29.0
MUESTRA_043,Grifo_3,3,22251.0,21804.0,21886.0,2876.0,18766.0,2818.0,25.3,29.0
MUESTRA_043,Grifo_3,4,22244.0,21800.0,21884.0,2875.0,18718.0,2824.0,25.3,29.0
MUESTRA_043,Grifo_3,5,22246.0,21784.0,21882.0,2871.0,18707.0,2812.0,25.3,28.9
MUESTRA_043,Grifo_3,6,22250.0,21789.0,21871.0,2876.0,16535.0,2821.0,25.3,28.9
MUESTRA_043,Grifo_3,7,22240.0,21791.0,21877.0,2858.0,18750.0,2845.0,25.3,29.0
MUESTRA_043,Grifo_3,8,22256.0,21806.0,21881.0,2869.0,18737.0,2818.0,25.3,29.0
MUESTRA_043,Grifo_3,9,22232.0,21791.0,21875.0,2877.0,18584.0,2832.0,25.3,28.9
MUESTRA_043,Grifo_3,10,22243.0,21787.0,21879.0,2858.0,18482.0,2831.0,25.3,28.9
MUESTRA_043,Grifo_3,11,22271.0,21804.0,21885.0,2869.0,18495.0,2811.0,25.3,28.9
MUESTRA_043,Grifo_3,12,22237.0,21791.0,21890.0,2850.0,18340.0,2845.0,25.3,28.9
MUESTRA_043,Grifo_3,13,22254.0,21804.0,21899.0,2875.0,18448.0,2821.0,25.3,29.3
MUESTRA_043,Grifo_3,14,22248.0,21805.0,21890.0,2854.0,18442.0,2829.0,25.3,29.3
MUESTRA_043,Grifo_3,15,22256.0,21792.0,21908.0,2875.0,18459.0,2821.0,25.3,28.8
MUESTRA_043,Grifo_3,16,22246.0,21796.0,21896.0,2852.0,18407.0,2844.0,25.3,28.8
MUESTRA_043,Grifo_3,17,22244.0,21813.0,21904.0,2856.0,18341.0,2828.0,25.4,28.8
MUESTRA_043,Grifo_3,18,22261.0,21811.0,21895.0,2869.0,18366.0,2834.0,25.4,28.8
MUESTRA_043,Grifo_3,19,22254.0,21802.0,21889.0,2874.0,18475.0,2821.0,25.4,28.9
MUESTRA_043,Grifo_3,20,22262.0,21808.0,21887.0,2851.0,18558.0,2823.0,25.4,28.9
MUESTRA_043,Grifo_3,21,22247.0,21817.0,21893.0,2853.0,18555.0,2838.0,25.4,28.8
MUESTRA_043,Grifo_3,22,22241.0,21786.0,21889.0,2853.0,18483.0,2837.0,25.4,28.8
MUESTRA_043,Grifo_3,23,22252.0,21797.0,21870.0,2866.0,18444.0,2815.0,25.4,28.8
MUESTRA_043,Grifo_3,24,22251.0,21791.0,21887.0,2873.0,18453.0,2819.0,25.4,28.8
MUESTRA_043,Grifo_3,25,22249.0,21787.0,21882.0,2852.0,18494.0,2837.0,25.4,28.8
MUESTRA_043,Grifo_3,26,22254.0,21806.0,21911.0,2868.0,18512.0,2832.0,25.4,28.8
MUESTRA_043,Grifo_3,27,22234.0,21785.0,21893.0,2854.0,18476.0,2843.0,25.4,28.8
MUESTRA_043,Grifo_3,28,22261.0,21808.0,21894.0,2871.0,17115.0,2812.0,25.4,28.8
MUESTRA_043,Grifo_3,29,22261.0,21802.0,21881.0,2868.0,18059.0,2816.0,25.4,29.0
MUESTRA_043,Grifo_3,30,22253.0,21801.0,21888.0,2858.0,18090.0,2811.0,25.4,29.0
MUESTRA_044,Grifo_3,1,22266.0,21813.0,21897.0,2854.0,18060.0,2831.0,25.4,28.8
MUESTRA_044,Grifo_3,2,22240.0,21796.0,21888.0,2866.0,18425.0,2813.0,25.4,28.8
MUESTRA_044,Grifo_3,3,22261.0,21807.0,21890.0,2848.0,18120.0,2844.0,25.4,28.7
MUESTRA_044,Grifo_3,4,22246.0,21798.0,21880.0,2860.0,18006.0,2839.0,25.4,28.7
MUESTRA_044,Grifo_3,5,22238.0,21794.0,21873.0,2870.0,18064.0,2808.0,25.5,28.8
MUESTRA_044,Grifo_3,6,22250.0,21782.0,21880.0,2853.0,18063.0,2845.0,25.5,28.8
MUESTRA_044,Grifo_3,7,22236.0,21794.0,21866.0,2866.0,17872.0,2841.0,25.5,28.7
MUESTRA_044,Grifo_3,8,22248.0,21804.0,21873.0,2874.0,17981.0,2812.0,25.5,28.7
MUESTRA_044,Grifo_3,9,22242.0,21795.0,21872.0,2857.0,17997.0,2849.0,25.4,28.8
MUESTRA_044,Grifo_3,10,22231.0,21792.0,21869.0,2852.0,18058.0,2834.0,25.4,28.8
MUESTRA_044,Grifo_3,11,22251.0,21802.0,21884.0,2846.0,17573.0,2839.0,25.5,28.8
MUESTRA_044,Grifo_3,12,22253.0,21788.0,21888.0,2868.0,17979.0,2814.0,25.5,28.8
MUESTRA_044,Grifo_3,13,22248.0,21785.0,21866.0,2849.0,18038.0,2821.0,25.5,28.7
MUESTRA_044,Grifo_3,14,22250.0,21802.0,21880.0,2849.0,17955.0,2843.0,25.5,28.7
MUESTRA_044,Grifo_3,15,22237.0,21796.0,21870.0,2855.0,17233.0,2841.0,25.5,28.7
MUESTRA_044,Grifo_3,16,22247.0,21791.0,21875.0,2866.0,17879.0,2811.0,25.5,28.7
MUESTRA_044,Grifo_3,17,22238.0,21787.0,21874.0,2859.0,17906.0,2823.0,25.5,28.7
MUESTRA_044,Grifo_3,18,22232.0,21783.0,21867.0,2873.0,17984.0,2832.0,25.5,28.7
MUESTRA_044,Grifo_3,19,22258.0,21789.0,21884.0,2868.0,17970.0,2807.0,25.5,28.7
MUESTRA_044,Grifo_3,20,22251.0,21794.0,21877.0,2856.0,17934.0,2815.0,25.5,28.7
MUESTRA_044,Grifo_3,21,22246.0,21791.0,21883.0,2854.0,17878.0,2840.0,25.5,28.7
MUESTRA_044,Grifo_3,22,22242.0,21802.0,21888.0,2867.0,17996.0,2814.0,25.5,28.7
MUESTRA_044,Grifo_3,23,22252.0,21794.0,21875.0,2851.0,17864.0,2835.0,25.5,28.7
MUESTRA_044,Grifo_3,24,22243.0,21784.0,21851.0,2865.0,17693.0,2819.0,25.5,28.7
MUESTRA_044,Grifo_3,25,22243.0,21788.0,21879.0,2866.0,17945.0,2802.0,25.5,28.7
MUESTRA_044,Grifo_3,26,22248.0,21795.0,21879.0,2861.0,17369.0,2825.0,25.5,28.7
MUESTRA_044,Grifo_3,27,22249.0,21789.0,21872.0,2849.0,17994.0,2838.0,25.6,28.7
MUESTRA_044,Grifo_3,28,22234.0,21783.0,21874.0,2858.0,18022.0,2835.0,25.6,28.7
MUESTRA_044,Grifo_3,29,22249.0,21792.0,21883.0,2872.0,17980.0,2813.0,25.5,28.7
MUESTRA_044,Grifo_3,30,22248.0,21798.0,21877.0,2864.0,18000.0,2819.0,25.5,28.7
MUESTRA_045,Grifo_3,1,22251.0,21792.0,21871.0,2866.0,17929.0,2807.0,25.6,28.7
MUESTRA_045,Grifo_3,2,22247.0,21799.0,21876.0,2862.0,17818.0,2812.0,25.6,28.7
MUESTRA_045,Grifo_3,3,22242.0,21789.0,21868.0,2847.0,18028.0,2824.0,25.6,28.7
MUESTRA_045,Grifo_3,4,22234.0,21776.0,21866.0,2848.0,17908.0,2831.0,25.6,28.7
MUESTRA_045,Grifo_3,5,22230.0,21768.0,21861.0,2847.0,17882.0,2842.0,25.6,28.7
MUESTRA_045,Grifo_3,6,22235.0,21775.0,21861.0,2844.0,18043.0,2841.0,25.6,28.7
MUESTRA_045,Grifo_3,7,22234.0,21770.0,21871.0,2863.0,17902.0,2817.0,25.6,28.7
MUESTRA_045,Grifo_3,8,22232.0,21772.0,21890.0,2845.0,18348.0,2835.0,25.6,28.7
MUESTRA_045,Grifo_3,9,22225.0,21763.0,21868.0,2847.0,18210.0,2840.0,25.6,28.6
MUESTRA_045,Grifo_3,10,22239.0,21774.0,21871.0,2867.0,18266.0,2820.0,25.6,28.6
MUESTRA_045,Grifo_3,11,22232.0,21763.0,21867.0,2863.0,17870.0,2808.0,25.6,28.7
MUESTRA_045,Grifo_3,12,22230.0,21769.0,21879.0,2851.0,18052.0,2816.0,25.6,28.7
MUESTRA_045,Grifo_3,13,22250.0,21779.0,21898.0,2855.0,18603.0,2831.0,25.6,28.6
MUESTRA_045,Grifo_3,14,22244.0,21770.0,21891.0,2865.0,18210.0,2828.0,25.6,28.6
MUESTRA_045,Grifo_3,15,22238.0,21773.0,21886.0,2867.0,18144.0,2804.0,25.6,28.6
MUESTRA_045,Grifo_3,16,22235.0,21763.0,21884.0,2848.0,18087.0,2840.0,25.6,28.6
MUESTRA_045,Grifo_3,17,22246.0,21777.0,21883.0,2846.0,18020.0,2826.0,25.6,28.6
MUESTRA_045,Grifo_3,18,22248.0,21748.0,21893.0,2865.0,17974.0,2803.0,25.6,28.6
MUESTRA_045,Grifo_3,19,22241.0,21758.0,21879.0,2865.0,17931.0,2809.0,25.6,28.6
MUESTRA_045,Grifo_3,20,22238.0,21747.0,21888.0,2866.0,17937.0,2811.0,25.6,28.6
MUESTRA_045,Grifo_3,21,22236.0,21761.0,21891.0,2847.0,17924.0,2833.0,25.7,28.6
MUESTRA_045,Grifo_3,22,22223.0,21735.0,21883.0,2865.0,17999.0,2809.0,25.7,28.6
MUESTRA_045,Grifo_3,23,22238.0,21755.0,21907.0,2842.0,17932.0,2828.0,25.6,28.6
MUESTRA_045,Grifo_3,24,22238.0,21774.0,21892.0,2856.0,17562.0,2838.0,25.6,28.6
MUESTRA_045,Grifo_3,25,22241.0,21755.0,21902.0,2858.0,17330.0,2816.0,25.7,28.6
MUESTRA_045,Grifo_3,26,22236.0,21757.0,21906.0,2863.0,17258.0,2812.0,25.7,28.6
MUESTRA_045,Grifo_3,27,22232.0,21749.0,21897.0,2855.0,17083.0,2838.0,25.6,28.6
MUESTRA_045,Grifo_3,28,22240.0,21752.0,21915.0,2861.0,17121.0,2810.0,25.6,28.6
MUESTRA_045,Grifo_3,29,22234.0,21749.0,21908.0,2858.0,16981.0,2827.0,25.7,28.6
MUESTRA_045,Grifo_3,30,22251.0,21767.0,21915.0,2844.0,17120.0,2824.0,25.7,28.6
MUESTRA_046,Grifo_3,1,22218.0,21754.0,21910.0,2852.0,16915.0,2828.0,25.7,28.6
MUESTRA_046,Grifo_3,2,22248.0,21759.0,21899.0,2864.0,16883.0,2827.0,25.7,28.6
MUESTRA_046,Grifo_3,3,22260.0,21770.0,21912.0,2859.0,16798.0,2798.0,25.7,28.6
MUESTRA_046,Grifo_3,4,22243.0,21763.0,21912.0,2867.0,18287.0,2801.0,25.7,28.6
MUESTRA_046,Grifo_3,5,22237.0,21749.0,21917.0,2853.0,18273.0,2842.0,25.7,28.5
MUESTRA_046,Grifo_3,6,22240.0,21754.0,21907.0,2853.0,18293.0,2835.0,25.7,28.5
MUESTRA_046,Grifo_3,7,22231.0,21749.0,21889.0,2850.0,18352.0,2824.0,25.7,28.6
MUESTRA_046,Grifo_3,8,22248.0,21761.0,21911.0,2845.0,18280.0,2826.0,25.7,28.6
MUESTRA_046,Grifo_3,9,22235.0,21744.0,21881.0,2854.0,16734.0,2824.0,25.7,28.5
MUESTRA_046,Grifo_3,10,22235.0,21761.0,21893.0,2871.0,16597.0,2806.0,25.7,28.5
MUESTRA_046,Grifo_3,11,22251.0,21771.0,21912.0,2862.0,18288.0,2813.0,25.7,28.6
MUESTRA_046,Grifo_3,12,22240.0,21746.0,21898.0,2845.0,16437.0,2823.0,25.7,28.6
MUESTRA_046,Grifo_3,13,22242.0,21766.0,21913.0,2847.0,18260.0,2832.0,25.7,28.6
MUESTRA_046,Grifo_3,14,22242.0,21764.0,21914.0,2869.0,18218.0,2805.0,25.7,28.6
MUESTRA_046,Grifo_3,15,22245.0,21760.0,21903.0,2858.0,16396.0,2819.0,25.7,28.5
MUESTRA_046,Grifo_3,16,22248.0,21758.0,21900.0,2861.0,18137.0,2803.0,25.7,28.5
MUESTRA_046,Grifo_3,17,22226.0,21776.0,21904.0,2852.0,18034.0,2832.0,25.7,28.5
MUESTRA_046,Grifo_3,18,22238.0,21770.0,21899.0,2854.0,18114.0,2819.0,25.7,28.5
MUESTRA_046,Grifo_3,19,22251.0,21768.0,21897.0,2845.0,18105.0,2818.0,25.7,28.5
MUESTRA_046,Grifo_3,20,22256.0,21773.0,21899.0,2857.0,18095.0,2808.0,25.7,28.5
MUESTRA_046,Grifo_3,21,22242.0,21762.0,21897.0,2865.0,18099.0,2807.0,25.7,28.5
MUESTRA_046,Grifo_3,22,22244.0,21769.0,21901.0,2855.0,18110.0,2818.0,25.7,28.5
MUESTRA_046,Grifo_3,23,22244.0,21765.0,21888.0,2852.0,18100.0,2834.0,25.8,28.5
MUESTRA_046,Grifo_3,24,22221.0,21761.0,21879.0,2838.0,17989.0,2824.0,25.8,28.5
MUESTRA_046,Grifo_3,25,22227.0,21743.0,21874.0,2861.0,18139.0,2805.0,25.8,28.5
MUESTRA_046,Grifo_3,26,22213.0,21751.0,21879.0,2841.0,17971.0,2835.0,25.8,28.5
MUESTRA_046,Grifo_3,27,22222.0,21752.0,21891.0,2869.0,18021.0,2800.0,25.8,28.5
MUESTRA_046,Grifo_3,28,22223.0,21747.0,21874.0,2849.0,18081.0,2821.0,25.8,28.5
MUESTRA_046,Grifo_3,29,22231.0,21752.0,21884.0,2867.0,18065.0,2808.0,25.8,28.5
MUESTRA_046,Grifo_3,30,22229.0,21759.0,21885.0,2853.0,18076.0,2831.0,25.8,28.5
MUESTRA_047,Grifo_3,1,22222.0,21747.0,21881.0,2857.0,18015.0,2800.0,25.8,28.5
MUESTRA_047,Grifo_3,2,22230.0,21755.0,21883.0,2862.0,17397.0,2813.0,25.8,28.5
MUESTRA_047,Grifo_3,3,22233.0,21753.0,21885.0,2848.0,17270.0,2818.0,25.8,28.5
MUESTRA_047,Grifo_3,4,22236.0,21762.0,21884.0,2850.0,17087.0,2829.0,25.8,28.5
MUESTRA_047,Grifo_3,5,22229.0,21753.0,21879.0,2839.0,18275.0,2833.0,25.8,28.5
MUESTRA_047,Grifo_3,6,22239.0,21750.0,21882.0,2857.0,18325.0,2828.0,25.8,28.5
MUESTRA_047,Grifo_3,7,22226.0,21751.0,21875.0,2866.0,18243.0,2827.0,25.8,28.5
MUESTRA_047,Grifo_3,8,22239.0,21744.0,21878.0,2860.0,18238.0,2808.0,25.8,28.5
MUESTRA_047,Grifo_3,9,22246.0,21743.0,21877.0,2841.0,18284.0,2821.0,25.8,28.5
MUESTRA_047,Grifo_3,10,22234.0,21752.0,21869.0,2857.0,17495.0,2837.0,25.8,28.5
MUESTRA_047,Grifo_3,11,22233.0,21751.0,21882.0,2850.0,18162.0,2820.0,25.8,28.5
MUESTRA_047,Grifo_3,12,22246.0,21745.0,21885.0,2844.0,18232.0,2819.0,25.8,28.5
MUESTRA_047,Grifo_3,13,22228.0,21738.0,21884.0,2847.0,18231.0,2828.0,25.8,28.4
MUESTRA_047,Grifo_3,14,22231.0,21737.0,21869.0,2863.0,18201.0,2802.0,25.8,28.4
MUESTRA_047,Grifo_3,15,22238.0,21756.0,21900.0,2835.0,17289.0,2839.0,25.8,28.5
MUESTRA_047,Grifo_3,16,22230.0,21736.0,21877.0,2846.0,17084.0,2819.0,25.8,28.5
MUESTRA_047,Grifo_3,17,22223.0,21734.0,21869.0,2839.0,18297.0,2834.0,25.8,28.4
MUESTRA_047,Grifo_3,18,22227.0,21729.0,21888.0,2859.0,18127.0,2801.0,25.8,28.4
MUESTRA_047,Grifo_3,19,22226.0,21739.0,21887.0,2850.0,18041.0,2829.0,25.8,28.5
MUESTRA_047,Grifo_3,20,22232.0,21752.0,21887.0,2850.0,18237.0,2830.0,25.8,28.5
MUESTRA_047,Grifo_3,21,22233.0,21741.0,21888.0,2850.0,18243.0,2826.0,25.9,28.4
MUESTRA_047,Grifo_3,22,22240.0,21743.0,21902.0,2857.0,17273.0,2801.0,25.9,28.4
MUESTRA_047,Grifo_3,23,22237.0,21748.0,21900.0,2860.0,18326.0,2801.0,25.9,28.4
MUESTRA_047,Grifo_3,24,22251.0,21757.0,21894.0,2844.0,18228.0,2834.0,25.9,28.4
MUESTRA_047,Grifo_3,25,22231.0,21735.0,21883.0,2863.0,18251.0,2796.0,25.9,28.4
MUESTRA_047,Grifo_3,26,22243.0,21743.0,21886.0,2860.0,18031.0,2796.0,25.9,28.4
MUESTRA_047,Grifo_3,27,22232.0,21749.0,21890.0,2851.0,18043.0,2832.0,25.9,28.4
MUESTRA_047,Grifo_3,28,22233.0,21731.0,21879.0,2841.0,18024.0,2831.0,25.9,28.4
MUESTRA_047,Grifo_3,29,22241.0,21736.0,21901.0,2861.0,18023.0,2819.0,25.9,28.4
MUESTRA_047,Grifo_3,30,22222.0,21741.0,21898.0,2862.0,18027.0,2822.0,25.9,28.4
MUESTRA_048,Grifo_3,1,22235.0,21734.0,21903.0,2856.0,18046.0,2808.0,25.9,28.4
MUESTRA_048,Grifo_3,2,22241.0,21740.0,21902.0,2845.0,18062.0,2840.0,25.9,28.4
MUESTRA_048,Grifo_3,3,22221.0,21742.0,21883.0,2859.0,18216.0,2825.0,25.9,28.4
MUESTRA_048,Grifo_3,4,22233.0,21745.0,21884.0,2855.0,18197.0,2808.0,25.9,28.4
MUESTRA_048,Grifo_3,5,22224.0,21744.0,21896.0,2840.0,18245.0,2827.0,25.9,28.4
MUESTRA_048,Grifo_3,6,22244.0,21740.0,21902.0,2858.0,18257.0,2815.0,25.9,28.4
MUESTRA_048,Grifo_3,7,22240.0,21752.0,21893.0,2851.0,18190.0,2810.0,25.9,28.5
MUESTRA_048,Grifo_3,8,22237.0,21740.0,21893.0,2837.0,18152.0,2829.0,25.9,28.5
MUESTRA_048,Grifo_3,9,22238.0,21747.0,21908.0,2850.0,18266.0,2823.0,25.9,28.4
MUESTRA_048,Grifo_3,10,22242.0,21756.0,21902.0,2839.0,18203.0,2826.0,25.9,28.4
MUESTRA_048,Grifo_3,11,22245.0,21750.0,21907.0,2859.0,18246.0,2801.0,25.9,28.4
MUESTRA_048,Grifo_3,12,22241.0,21748.0,21904.0,2836.0,18219.0,2830.0,25.9,28.4
MUESTRA_048,Grifo_3,13,22224.0,21749.0,21907.0,2840.0,18038.0,2830.0,25.9,28.4
MUESTRA_048,Grifo_3,14,22252.0,21755.0,21903.0,2867.0,18087.0,2797.0,25.9,28.4
MUESTRA_048,Grifo_3,15,22241.0,21741.0,21898.0,2863.0,18163.0,2803.0,25.9,28.4
MUESTRA_048,Grifo_3,16,22230.0,21734.0,21893.0,2830.0,18181.0,2832.0,25.9,28.4
MUESTRA_048,Grifo_3,17,22233.0,21738.0,21886.0,2838.0,18221.0,2839.0,25.9,28.4
MUESTRA_048,Grifo_3,18,22218.0,21728.0,21872.0,2851.0,18236.0,2823.0,25.9,28.4
MUESTRA_048,Grifo_3,19,22241.0,21747.0,21882.0,2834.0,18236.0,2831.0,26.0,28.4
MUESTRA_048,Grifo_3,20,22220.0,21724.0,21869.0,2861.0,18258.0,2809.0,26.0,28.4
MUESTRA_048,Grifo_3,21,22210.0,21733.0,21871.0,2844.0,18231.0,2827.0,26.0,28.4
MUESTRA_048,Grifo_3,22,22217.0,21748.0,21885.0,2863.0,18261.0,2806.0,26.0,28.4
MUESTRA_048,Grifo_3,23,22217.0,21740.0,21886.0,2859.0,18282.0,2803.0,26.0,28.4
MUESTRA_048,Grifo_3,24,22233.0,21754.0,21873.0,2843.0,18328.0,2837.0,26.0,28.4
MUESTRA_048,Grifo_3,25,22223.0,21743.0,21861.0,2843.0,18306.0,2827.0,26.0,28.4
MUESTRA_048,Grifo_3,26,22215.0,21744.0,21867.0,2853.0,18239.0,2804.0,26.0,28.4
MUESTRA_048,Grifo_3,27,22236.0,21746.0,21880.0,2832.0,18321.0,2823.0,26.0,28.4
MUESTRA_048,Grifo_3,28,22221.0,21740.0,21867.0,2847.0,18299.0,2825.0,26.0,28.4
MUESTRA_048,Grifo_3,29,22216.0,21731.0,21853.0,2832.0,18270.0,2827.0,26.0,28.3
MUESTRA_048,Grifo_3,30,22216.0,21720.0,21856.0,2860.0,18340.0,2795.0,26.0,28.3
MUESTRA_049,Grifo_3,1,22211.0,21723.0,21845.0,2858.0,18357.0,2829.0,26.0,28.3
MUESTRA_049,Grifo_3,2,22210.0,21721.0,21861.0,2843.0,18393.0,2834.0,26.0,28.3
MUESTRA_049,Grifo_3,3,22208.0,21717.0,21867.0,2837.0,18402.0,2827.0,26.0,28.4
MUESTRA_049,Grifo_3,4,22225.0,21725.0,21863.0,2866.0,18346.0,2803.0,26.0,28.4
MUESTRA_049,Grifo_3,5,22222.0,21737.0,21874.0,2844.0,18325.0,2812.0,26.0,28.4
MUESTRA_049,Grifo_3,6,22232.0,21736.0,21864.0,2844.0,18316.0,2831.0,26.0,28.4
MUESTRA_049,Grifo_3,7,22225.0,21733.0,21883.0,2858.0,18350.0,2797.0,26.0,28.4
MUESTRA_049,Grifo_3,8,22226.0,21736.0,21870.0,2838.0,18357.0,2825.0,26.0,28.4
MUESTRA_049,Grifo_3,9,22211.0,21732.0,21868.0,2848.0,18331.0,2813.0,26.0,28.4
MUESTRA_049,Grifo_3,10,22209.0,21729.0,21876.0,2846.0,18384.0,2835.0,26.0,28.4
MUESTRA_049,Grifo_3,11,22233.0,21742.0,21873.0,2838.0,18337.0,2825.0,26.0,28.4
MUESTRA_049,Grifo_3,12,22226.0,21733.0,21868.0,2851.0,18401.0,2811.0,26.0,28.4
MUESTRA_049,Grifo_3,13,22236.0,21741.0,21878.0,2832.0,18402.0,2830.0,26.0,28.3
MUESTRA_049,Grifo_3,14,22215.0,21725.0,21874.0,2844.0,18341.0,2827.0,26.0,28.3
MUESTRA_049,Grifo_3,15,22215.0,21721.0,21855.0,2861.0,18284.0,2799.0,26.0,28.3
MUESTRA_049,Grifo_3,16,22243.0,21751.0,21874.0,2846.0,18321.0,2816.0,26.0,28.3
MUESTRA_049,Grifo_3,17,22229.0,21727.0,21866.0,2848.0,18339.0,2802.0,26.0,28.3
MUESTRA_049,Grifo_3,18,22218.0,21724.0,21878.0,2860.0,18299.0,2815.0,26.0,28.3
MUESTRA_049,Grifo_3,19,22233.0,21729.0,21878.0,2851.0,18347.0,2798.0,26.1,28.3
MUESTRA_049,Grifo_3,20,22223.0,21728.0,21863.0,2855.0,18284.0,2796.0,26.1,28.3
MUESTRA_049,Grifo_3,21,22218.0,21719.0,21869.0,2851.0,18313.0,2810.0,26.1,28.3
MUESTRA_049,Grifo_3,22,22217.0,21718.0,21870.0,2855.0,18284.0,2822.0,26.1,28.3
MUESTRA_049,Grifo_3,23,22217.0,21718.0,21875.0,2847.0,18297.0,2826.0,26.1,28.4
MUESTRA_049,Grifo_3,24,22229.0,21726.0,21886.0,2859.0,18262.0,2808.0,26.1,28.4
MUESTRA_049,Grifo_3,25,22217.0,21711.0,21879.0,2830.0,18288.0,2826.0,26.1,28.4
MUESTRA_049,Grifo_3,26,22217.0,21707.0,21870.0,2839.0,18237.0,2829.0,26.1,28.4
MUESTRA_049,Grifo_3,27,22217.0,21707.0,21887.0,2845.0,18287.0,2828.0,26.1,28.4
MUESTRA_049,Grifo_3,28,22221.0,21718.0,21873.0,2837.0,18297.0,2831.0,26.1,28.4
MUESTRA_049,Grifo_3,29,22226.0,21709.0,21879.0,2853.0,18285.0,2814.0,26.1,28.4
MUESTRA_049,Grifo_3,30,22219.0,21709.0,21891.0,2850.0,18284.0,2791.0,26.1,28.4
MUESTRA_050,Grifo_3,1,22224.0,21714.0,21888.0,2863.0,18323.0,2794.0,26.1,28.3
MUESTRA_050,Grifo_3,2,22248.0,21716.0,21910.0,2832.0,18331.0,2824.0,26.1,28.3
MUESTRA_050,Grifo_3,3,22219.0,21728.0,21895.0,2843.0,18352.0,2832.0,26.1,28.4
MUESTRA_050,Grifo_3,4,22219.0,21714.0,21879.0,2857.0,18347.0,2798.0,26.1,28.4
MUESTRA_050,Grifo_3,5,22234.0,21723.0,21892.0,2828.0,18345.0,2819.0,26.1,28.4
MUESTRA_050,Grifo_3,6,22214.0,21721.0,21900.0,2827.0,18361.0,2829.0,26.1,28.4
MUESTRA_050,Grifo_3,7,22227.0,21715.0,21884.0,2856.0,18358.0,2820.0,26.1,28.4
MUESTRA_050,Grifo_3,8,22225.0,21712.0,21889.0,2848.0,18356.0,2812.0,26.1,28.4
MUESTRA_050,Grifo_3,9,22226.0,21704.0,21899.0,2844.0,18351.0,2829.0,26.1,28.3
MUESTRA_050,Grifo_3,10,22217.0,21704.0,21881.0,2844.0,18357.0,2837.0,26.1,28.3
MUESTRA_050,Grifo_3,11,22216.0,21707.0,21878.0,2852.0,18352.0,2798.0,26.2,28.4
MUESTRA_050,Grifo_3,12,22239.0,21696.0,21889.0,2829.0,18362.0,2821.0,26.2,28.4
MUESTRA_050,Grifo_3,13,22204.0,21697.0,21882.0,2855.0,18384.0,2807.0,26.2,28.4
MUESTRA_050,Grifo_3,14,22223.0,21703.0,21884.0,2848.0,18388.0,2821.0,26.2,28.4
MUESTRA_050,Grifo_3,15,22236.0,21709.0,21889.0,2855.0,18390.0,2797.0,26.2,28.4
MUESTRA_050,Grifo_3,16,22220.0,21699.0,21897.0,2846.0,18432.0,2812.0,26.2,28.4
MUESTRA_050,Grifo_3,17,22208.0,21700.0,21886.0,2837.0,18456.0,2818.0,26.2,28.3
MUESTRA_050,Grifo_3,18,22221.0,21690.0,21888.0,2837.0,18508.0,2831.0,26.2,28.3
MUESTRA_050,Grifo_3,19,22219.0,21700.0,21897.0,2862.0,18393.0,2808.0,26.2,28.4
MUESTRA_050,Grifo_3,20,22218.0,21687.0,21890.0,2858.0,18386.0,2798.0,26.2,28.4
MUESTRA_050,Grifo_3,21,22224.0,21710.0,21909.0,2834.0,18403.0,2822.0,26.2,28.4
MUESTRA_050,Grifo_3,22,22234.0,21713.0,21902.0,2850.0,18408.0,2794.0,26.2,28.4
MUESTRA_050,Grifo_3,23,22231.0,21721.0,21904.0,2855.0,18437.0,2797.0,26.2,28.3
MUESTRA_050,Grifo_3,24,22244.0,21726.0,21906.0,2860.0,18419.0,2788.0,26.2,28.3
MUESTRA_050,Grifo_3,25,22233.0,21721.0,21904.0,2830.0,18421.0,2825.0,26.2,28.3
MUESTRA_050,Grifo_3,26,22225.0,21718.0,21902.0,2848.0,18368.0,2823.0,26.2,28.3
MUESTRA_050,Grifo_3,27,22216.0,21705.0,21887.0,2856.0,18372.0,2797.0,26.2,28.3
MUESTRA_050,Grifo_3,28,22232.0,21713.0,21872.0,2849.0,18360.0,2793.0,26.2,28.3
MUESTRA_050,Grifo_3,29,22230.0,21722.0,21894.0,2839.0,18370.0,2827.0,26.2,28.4
MUESTRA_050,Grifo_3,30,22221.0,21720.0,21898.0,2853.0,18391.0,2827.0,26.2,28.4
